Workbook
Name PEOPLE: 'Cài đặt'!$D$5:$D$44
Name HOLI: 'Cài đặt'!$H$5:$H$64
Name SK_A: 'Sự kiện'!$A$5:$A$304
Name SK_B: 'Sự kiện'!$B$5:$B$304
Name SK_C: 'Sự kiện'!$C$5:$C$304
Name SK_D: 'Sự kiện'!$D$5:$D$304
Name SK_L: 'Sự kiện'!$L$5:$L$304

Sheet Dashboard
A1: DASHBOARD TIẾN ĐỘ SỰ KIỆN
A2: ="Cập nhật đến "&TEXT(TODAY(),"dd/mm/yyyy")&" · chỉ tính sự kiện đang theo dõi (Sự kiện ▸ Theo dõi = Có)"
A4: Sự kiện đang theo dõi | B4: Việc đang mở | D4: QUÁ HẠN | F4: Đến hạn ≤ 3 ngày | H4: Chưa giao người | J4: % việc đã xong
A5: =COUNT('Sự kiện'!$T$5:$T$304) | B5: =COUNTIFS('Giao việc'!$R$5:$R$3004,"Có",'Giao việc'!$I$5:$I$3004,"<>Xong",'Giao việc'!$I$5:$I$3004,"<>Bỏ qua",'Giao việc'!$E$5:$E$3004,"<>") | D5: =COUNTIFS('Giao việc'!$R$5:$R$3004,"Có",'Giao việc'!$L$5:$L$3004,"*QUÁ HẠN*") | F5: =COUNTIFS('Giao việc'!$R$5:$R$3004,"Có",'Giao việc'!$L$5:$L$3004,"*Đến hạn*") | H5: =COUNTIFS('Giao việc'!$R$5:$R$3004,"Có",'Giao việc'!$L$5:$L$3004,"CHƯA GIAO*") | J5: =IFERROR(COUNTIFS('Giao việc'!$R$5:$R$3004,"Có",'Giao việc'!$I$5:$I$3004,"Xong")/COUNTIFS('Giao việc'!$R$5:$R$3004,"Có",'Giao việc'!$I$5:$I$3004,"<>Bỏ qua",'Giao việc'!$E$5:$E$3004,"<>"),0)
A7: TIẾN ĐỘ TỪNG SỰ KIỆN (sắp tới trước)
A8: Sự kiện | B8: Ngày D | C8: Thời gian | D8: Owner | E8: Xong | F8: Còn lại | G8: Quá hạn | H8: Chưa giao | I8: % | J8: Tiến độ
A9: =IF(IFERROR(MATCH(SMALL('Sự kiện'!$T$5:$T$304,1),'Sự kiện'!$T$5:$T$304,0),0)=0,"",INDEX('Sự kiện'!$B$5:$B$304,IFERROR(MATCH(SMALL('Sự kiện'!$T$5:$T$304,1),'Sự kiện'!$T$5:$T$304,0),0))&"") | B9: =IF(IFERROR(MATCH(SMALL('Sự kiện'!$T$5:$T$304,1),'Sự kiện'!$T$5:$T$304,0),0)=0,"",INDEX('Sự kiện'!$C$5:$C$304,IFERROR(MATCH(SMALL('Sự kiện'!$T$5:$T$304,1),'Sự kiện'!$T$5:$T$304,0),0))) | C9: =IF(IFERROR(MATCH(SMALL('Sự kiện'!$T$5:$T$304,1),'Sự kiện'!$T$5:$T$304,0),0)=0,"",INDEX('Sự kiện'!$S$5:$S$304,IFERROR(MATCH(SMALL('Sự kiện'!$T$5:$T$304,1),'Sự kiện'!$T$5:$T$304,0),0))&"") | D9: =IF(IFERROR(MATCH(SMALL('Sự kiện'!$T$5:$T$304,1),'Sự kiện'!$T$5:$T$304,0),0)=0,"",INDEX('Sự kiện'!$K$5:$K$304,IFERROR(MATCH(SMALL('Sự kiện'!$T$5:$T$304,1),'Sự kiện'!$T$5:$T$304,0),0))&"") | E9: =IF(IFERROR(MATCH(SMALL('Sự kiện'!$T$5:$T$304,1),'Sự kiện'!$T$5:$T$304,0),0)=0,"",INDEX('Sự kiện'!$N$5:$N$304,IFERROR(MATCH(SMALL('Sự kiện'!$T$5:$T$304,1),'Sự kiện'!$T$5:$T$304,0),0))) | F9: =IF(A9="","",N(INDEX('Sự kiện'!$M$5:$M$304,IFERROR(MATCH(SMALL('Sự kiện'!$T$5:$T$304,1),'Sự kiện'!$T$5:$T$304,0),0)))-N(E9)-N(G9)) | G9: =IF(IFERROR(MATCH(SMALL('Sự kiện'!$T$5:$T$304,1),'Sự kiện'!$T$5:$T$304,0),0)=0,"",INDEX('Sự kiện'!$O$5:$O$304,IFERROR(MATCH(SMALL('Sự kiện'!$T$5:$T$304,1),'Sự kiện'!$T$5:$T$304,0),0))) | H9: =IF(IFERROR(MATCH(SMALL('Sự kiện'!$T$5:$T$304,1),'Sự kiện'!$T$5:$T$304,0),0)=0,"",INDEX('Sự kiện'!$P$5:$P$304,IFERROR(MATCH(SMALL('Sự kiện'!$T$5:$T$304,1),'Sự kiện'!$T$5:$T$304,0),0))) | I9: =IF(IFERROR(MATCH(SMALL('Sự kiện'!$T$5:$T$304,1),'Sự kiện'!$T$5:$T$304,0),0)=0,"",INDEX('Sự kiện'!$Q$5:$Q$304,IFERROR(MATCH(SMALL('Sự kiện'!$T$5:$T$304,1),'Sự kiện'!$T$5:$T$304,0),0))) | J9: =IF(IFERROR(MATCH(SMALL('Sự kiện'!$T$5:$T$304,1),'Sự kiện'!$T$5:$T$304,0),0)=0,"",INDEX('Sự kiện'!$R$5:$R$304,IFERROR(MATCH(SMALL('Sự kiện'!$T$5:$T$304,1),'Sự kiện'!$T$5:$T$304,0),0))&"")
A10: =IF(IFERROR(MATCH(SMALL('Sự kiện'!$T$5:$T$304,2),'Sự kiện'!$T$5:$T$304,0),0)=0,"",INDEX('Sự kiện'!$B$5:$B$304,IFERROR(MATCH(SMALL('Sự kiện'!$T$5:$T$304,2),'Sự kiện'!$T$5:$T$304,0),0))&"") | B10: =IF(IFERROR(MATCH(SMALL('Sự kiện'!$T$5:$T$304,2),'Sự kiện'!$T$5:$T$304,0),0)=0,"",INDEX('Sự kiện'!$C$5:$C$304,IFERROR(MATCH(SMALL('Sự kiện'!$T$5:$T$304,2),'Sự kiện'!$T$5:$T$304,0),0))) | C10: =IF(IFERROR(MATCH(SMALL('Sự kiện'!$T$5:$T$304,2),'Sự kiện'!$T$5:$T$304,0),0)=0,"",INDEX('Sự kiện'!$S$5:$S$304,IFERROR(MATCH(SMALL('Sự kiện'!$T$5:$T$304,2),'Sự kiện'!$T$5:$T$304,0),0))&"") | D10: =IF(IFERROR(MATCH(SMALL('Sự kiện'!$T$5:$T$304,2),'Sự kiện'!$T$5:$T$304,0),0)=0,"",INDEX('Sự kiện'!$K$5:$K$304,IFERROR(MATCH(SMALL('Sự kiện'!$T$5:$T$304,2),'Sự kiện'!$T$5:$T$304,0),0))&"") | E10: =IF(IFERROR(MATCH(SMALL('Sự kiện'!$T$5:$T$304,2),'Sự kiện'!$T$5:$T$304,0),0)=0,"",INDEX('Sự kiện'!$N$5:$N$304,IFERROR(MATCH(SMALL('Sự kiện'!$T$5:$T$304,2),'Sự kiện'!$T$5:$T$304,0),0))) | F10: =IF(A10="","",N(INDEX('Sự kiện'!$M$5:$M$304,IFERROR(MATCH(SMALL('Sự kiện'!$T$5:$T$304,2),'Sự kiện'!$T$5:$T$304,0),0)))-N(E10)-N(G10)) | G10: =IF(IFERROR(MATCH(SMALL('Sự kiện'!$T$5:$T$304,2),'Sự kiện'!$T$5:$T$304,0),0)=0,"",INDEX('Sự kiện'!$O$5:$O$304,IFERROR(MATCH(SMALL('Sự kiện'!$T$5:$T$304,2),'Sự kiện'!$T$5:$T$304,0),0))) | H10: =IF(IFERROR(MATCH(SMALL('Sự kiện'!$T$5:$T$304,2),'Sự kiện'!$T$5:$T$304,0),0)=0,"",INDEX('Sự kiện'!$P$5:$P$304,IFERROR(MATCH(SMALL('Sự kiện'!$T$5:$T$304,2),'Sự kiện'!$T$5:$T$304,0),0))) | I10: =IF(IFERROR(MATCH(SMALL('Sự kiện'!$T$5:$T$304,2),'Sự kiện'!$T$5:$T$304,0),0)=0,"",INDEX('Sự kiện'!$Q$5:$Q$304,IFERROR(MATCH(SMALL('Sự kiện'!$T$5:$T$304,2),'Sự kiện'!$T$5:$T$304,0),0))) | J10: =IF(IFERROR(MATCH(SMALL('Sự kiện'!$T$5:$T$304,2),'Sự kiện'!$T$5:$T$304,0),0)=0,"",INDEX('Sự kiện'!$R$5:$R$304,IFERROR(MATCH(SMALL('Sự kiện'!$T$5:$T$304,2),'Sự kiện'!$T$5:$T$304,0),0))&"")
A11: =IF(IFERROR(MATCH(SMALL('Sự kiện'!$T$5:$T$304,3),'Sự kiện'!$T$5:$T$304,0),0)=0,"",INDEX('Sự kiện'!$B$5:$B$304,IFERROR(MATCH(SMALL('Sự kiện'!$T$5:$T$304,3),'Sự kiện'!$T$5:$T$304,0),0))&"") | B11: =IF(IFERROR(MATCH(SMALL('Sự kiện'!$T$5:$T$304,3),'Sự kiện'!$T$5:$T$304,0),0)=0,"",INDEX('Sự kiện'!$C$5:$C$304,IFERROR(MATCH(SMALL('Sự kiện'!$T$5:$T$304,3),'Sự kiện'!$T$5:$T$304,0),0))) | C11: =IF(IFERROR(MATCH(SMALL('Sự kiện'!$T$5:$T$304,3),'Sự kiện'!$T$5:$T$304,0),0)=0,"",INDEX('Sự kiện'!$S$5:$S$304,IFERROR(MATCH(SMALL('Sự kiện'!$T$5:$T$304,3),'Sự kiện'!$T$5:$T$304,0),0))&"") | D11: =IF(IFERROR(MATCH(SMALL('Sự kiện'!$T$5:$T$304,3),'Sự kiện'!$T$5:$T$304,0),0)=0,"",INDEX('Sự kiện'!$K$5:$K$304,IFERROR(MATCH(SMALL('Sự kiện'!$T$5:$T$304,3),'Sự kiện'!$T$5:$T$304,0),0))&"") | E11: =IF(IFERROR(MATCH(SMALL('Sự kiện'!$T$5:$T$304,3),'Sự kiện'!$T$5:$T$304,0),0)=0,"",INDEX('Sự kiện'!$N$5:$N$304,IFERROR(MATCH(SMALL('Sự kiện'!$T$5:$T$304,3),'Sự kiện'!$T$5:$T$304,0),0))) | F11: =IF(A11="","",N(INDEX('Sự kiện'!$M$5:$M$304,IFERROR(MATCH(SMALL('Sự kiện'!$T$5:$T$304,3),'Sự kiện'!$T$5:$T$304,0),0)))-N(E11)-N(G11)) | G11: =IF(IFERROR(MATCH(SMALL('Sự kiện'!$T$5:$T$304,3),'Sự kiện'!$T$5:$T$304,0),0)=0,"",INDEX('Sự kiện'!$O$5:$O$304,IFERROR(MATCH(SMALL('Sự kiện'!$T$5:$T$304,3),'Sự kiện'!$T$5:$T$304,0),0))) | H11: =IF(IFERROR(MATCH(SMALL('Sự kiện'!$T$5:$T$304,3),'Sự kiện'!$T$5:$T$304,0),0)=0,"",INDEX('Sự kiện'!$P$5:$P$304,IFERROR(MATCH(SMALL('Sự kiện'!$T$5:$T$304,3),'Sự kiện'!$T$5:$T$304,0),0))) | I11: =IF(IFERROR(MATCH(SMALL('Sự kiện'!$T$5:$T$304,3),'Sự kiện'!$T$5:$T$304,0),0)=0,"",INDEX('Sự kiện'!$Q$5:$Q$304,IFERROR(MATCH(SMALL('Sự kiện'!$T$5:$T$304,3),'Sự kiện'!$T$5:$T$304,0),0))) | J11: =IF(IFERROR(MATCH(SMALL('Sự kiện'!$T$5:$T$304,3),'Sự kiện'!$T$5:$T$304,0),0)=0,"",INDEX('Sự kiện'!$R$5:$R$304,IFERROR(MATCH(SMALL('Sự kiện'!$T$5:$T$304,3),'Sự kiện'!$T$5:$T$304,0),0))&"")
A12: =IF(IFERROR(MATCH(SMALL('Sự kiện'!$T$5:$T$304,4),'Sự kiện'!$T$5:$T$304,0),0)=0,"",INDEX('Sự kiện'!$B$5:$B$304,IFERROR(MATCH(SMALL('Sự kiện'!$T$5:$T$304,4),'Sự kiện'!$T$5:$T$304,0),0))&"") | B12: =IF(IFERROR(MATCH(SMALL('Sự kiện'!$T$5:$T$304,4),'Sự kiện'!$T$5:$T$304,0),0)=0,"",INDEX('Sự kiện'!$C$5:$C$304,IFERROR(MATCH(SMALL('Sự kiện'!$T$5:$T$304,4),'Sự kiện'!$T$5:$T$304,0),0))) | C12: =IF(IFERROR(MATCH(SMALL('Sự kiện'!$T$5:$T$304,4),'Sự kiện'!$T$5:$T$304,0),0)=0,"",INDEX('Sự kiện'!$S$5:$S$304,IFERROR(MATCH(SMALL('Sự kiện'!$T$5:$T$304,4),'Sự kiện'!$T$5:$T$304,0),0))&"") | D12: =IF(IFERROR(MATCH(SMALL('Sự kiện'!$T$5:$T$304,4),'Sự kiện'!$T$5:$T$304,0),0)=0,"",INDEX('Sự kiện'!$K$5:$K$304,IFERROR(MATCH(SMALL('Sự kiện'!$T$5:$T$304,4),'Sự kiện'!$T$5:$T$304,0),0))&"") | E12: =IF(IFERROR(MATCH(SMALL('Sự kiện'!$T$5:$T$304,4),'Sự kiện'!$T$5:$T$304,0),0)=0,"",INDEX('Sự kiện'!$N$5:$N$304,IFERROR(MATCH(SMALL('Sự kiện'!$T$5:$T$304,4),'Sự kiện'!$T$5:$T$304,0),0))) | F12: =IF(A12="","",N(INDEX('Sự kiện'!$M$5:$M$304,IFERROR(MATCH(SMALL('Sự kiện'!$T$5:$T$304,4),'Sự kiện'!$T$5:$T$304,0),0)))-N(E12)-N(G12)) | G12: =IF(IFERROR(MATCH(SMALL('Sự kiện'!$T$5:$T$304,4),'Sự kiện'!$T$5:$T$304,0),0)=0,"",INDEX('Sự kiện'!$O$5:$O$304,IFERROR(MATCH(SMALL('Sự kiện'!$T$5:$T$304,4),'Sự kiện'!$T$5:$T$304,0),0))) | H12: =IF(IFERROR(MATCH(SMALL('Sự kiện'!$T$5:$T$304,4),'Sự kiện'!$T$5:$T$304,0),0)=0,"",INDEX('Sự kiện'!$P$5:$P$304,IFERROR(MATCH(SMALL('Sự kiện'!$T$5:$T$304,4),'Sự kiện'!$T$5:$T$304,0),0))) | I12: =IF(IFERROR(MATCH(SMALL('Sự kiện'!$T$5:$T$304,4),'Sự kiện'!$T$5:$T$304,0),0)=0,"",INDEX('Sự kiện'!$Q$5:$Q$304,IFERROR(MATCH(SMALL('Sự kiện'!$T$5:$T$304,4),'Sự kiện'!$T$5:$T$304,0),0))) | J12: =IF(IFERROR(MATCH(SMALL('Sự kiện'!$T$5:$T$304,4),'Sự kiện'!$T$5:$T$304,0),0)=0,"",INDEX('Sự kiện'!$R$5:$R$304,IFERROR(MATCH(SMALL('Sự kiện'!$T$5:$T$304,4),'Sự kiện'!$T$5:$T$304,0),0))&"")
A13: =IF(IFERROR(MATCH(SMALL('Sự kiện'!$T$5:$T$304,5),'Sự kiện'!$T$5:$T$304,0),0)=0,"",INDEX('Sự kiện'!$B$5:$B$304,IFERROR(MATCH(SMALL('Sự kiện'!$T$5:$T$304,5),'Sự kiện'!$T$5:$T$304,0),0))&"") | B13: =IF(IFERROR(MATCH(SMALL('Sự kiện'!$T$5:$T$304,5),'Sự kiện'!$T$5:$T$304,0),0)=0,"",INDEX('Sự kiện'!$C$5:$C$304,IFERROR(MATCH(SMALL('Sự kiện'!$T$5:$T$304,5),'Sự kiện'!$T$5:$T$304,0),0))) | C13: =IF(IFERROR(MATCH(SMALL('Sự kiện'!$T$5:$T$304,5),'Sự kiện'!$T$5:$T$304,0),0)=0,"",INDEX('Sự kiện'!$S$5:$S$304,IFERROR(MATCH(SMALL('Sự kiện'!$T$5:$T$304,5),'Sự kiện'!$T$5:$T$304,0),0))&"") | D13: =IF(IFERROR(MATCH(SMALL('Sự kiện'!$T$5:$T$304,5),'Sự kiện'!$T$5:$T$304,0),0)=0,"",INDEX('Sự kiện'!$K$5:$K$304,IFERROR(MATCH(SMALL('Sự kiện'!$T$5:$T$304,5),'Sự kiện'!$T$5:$T$304,0),0))&"") | E13: =IF(IFERROR(MATCH(SMALL('Sự kiện'!$T$5:$T$304,5),'Sự kiện'!$T$5:$T$304,0),0)=0,"",INDEX('Sự kiện'!$N$5:$N$304,IFERROR(MATCH(SMALL('Sự kiện'!$T$5:$T$304,5),'Sự kiện'!$T$5:$T$304,0),0))) | F13: =IF(A13="","",N(INDEX('Sự kiện'!$M$5:$M$304,IFERROR(MATCH(SMALL('Sự kiện'!$T$5:$T$304,5),'Sự kiện'!$T$5:$T$304,0),0)))-N(E13)-N(G13)) | G13: =IF(IFERROR(MATCH(SMALL('Sự kiện'!$T$5:$T$304,5),'Sự kiện'!$T$5:$T$304,0),0)=0,"",INDEX('Sự kiện'!$O$5:$O$304,IFERROR(MATCH(SMALL('Sự kiện'!$T$5:$T$304,5),'Sự kiện'!$T$5:$T$304,0),0))) | H13: =IF(IFERROR(MATCH(SMALL('Sự kiện'!$T$5:$T$304,5),'Sự kiện'!$T$5:$T$304,0),0)=0,"",INDEX('Sự kiện'!$P$5:$P$304,IFERROR(MATCH(SMALL('Sự kiện'!$T$5:$T$304,5),'Sự kiện'!$T$5:$T$304,0),0))) | I13: =IF(IFERROR(MATCH(SMALL('Sự kiện'!$T$5:$T$304,5),'Sự kiện'!$T$5:$T$304,0),0)=0,"",INDEX('Sự kiện'!$Q$5:$Q$304,IFERROR(MATCH(SMALL('Sự kiện'!$T$5:$T$304,5),'Sự kiện'!$T$5:$T$304,0),0))) | J13: =IF(IFERROR(MATCH(SMALL('Sự kiện'!$T$5:$T$304,5),'Sự kiện'!$T$5:$T$304,0),0)=0,"",INDEX('Sự kiện'!$R$5:$R$304,IFERROR(MATCH(SMALL('Sự kiện'!$T$5:$T$304,5),'Sự kiện'!$T$5:$T$304,0),0))&"")
A14: =IF(IFERROR(MATCH(SMALL('Sự kiện'!$T$5:$T$304,6),'Sự kiện'!$T$5:$T$304,0),0)=0,"",INDEX('Sự kiện'!$B$5:$B$304,IFERROR(MATCH(SMALL('Sự kiện'!$T$5:$T$304,6),'Sự kiện'!$T$5:$T$304,0),0))&"") | B14: =IF(IFERROR(MATCH(SMALL('Sự kiện'!$T$5:$T$304,6),'Sự kiện'!$T$5:$T$304,0),0)=0,"",INDEX('Sự kiện'!$C$5:$C$304,IFERROR(MATCH(SMALL('Sự kiện'!$T$5:$T$304,6),'Sự kiện'!$T$5:$T$304,0),0))) | C14: =IF(IFERROR(MATCH(SMALL('Sự kiện'!$T$5:$T$304,6),'Sự kiện'!$T$5:$T$304,0),0)=0,"",INDEX('Sự kiện'!$S$5:$S$304,IFERROR(MATCH(SMALL('Sự kiện'!$T$5:$T$304,6),'Sự kiện'!$T$5:$T$304,0),0))&"") | D14: =IF(IFERROR(MATCH(SMALL('Sự kiện'!$T$5:$T$304,6),'Sự kiện'!$T$5:$T$304,0),0)=0,"",INDEX('Sự kiện'!$K$5:$K$304,IFERROR(MATCH(SMALL('Sự kiện'!$T$5:$T$304,6),'Sự kiện'!$T$5:$T$304,0),0))&"") | E14: =IF(IFERROR(MATCH(SMALL('Sự kiện'!$T$5:$T$304,6),'Sự kiện'!$T$5:$T$304,0),0)=0,"",INDEX('Sự kiện'!$N$5:$N$304,IFERROR(MATCH(SMALL('Sự kiện'!$T$5:$T$304,6),'Sự kiện'!$T$5:$T$304,0),0))) | F14: =IF(A14="","",N(INDEX('Sự kiện'!$M$5:$M$304,IFERROR(MATCH(SMALL('Sự kiện'!$T$5:$T$304,6),'Sự kiện'!$T$5:$T$304,0),0)))-N(E14)-N(G14)) | G14: =IF(IFERROR(MATCH(SMALL('Sự kiện'!$T$5:$T$304,6),'Sự kiện'!$T$5:$T$304,0),0)=0,"",INDEX('Sự kiện'!$O$5:$O$304,IFERROR(MATCH(SMALL('Sự kiện'!$T$5:$T$304,6),'Sự kiện'!$T$5:$T$304,0),0))) | H14: =IF(IFERROR(MATCH(SMALL('Sự kiện'!$T$5:$T$304,6),'Sự kiện'!$T$5:$T$304,0),0)=0,"",INDEX('Sự kiện'!$P$5:$P$304,IFERROR(MATCH(SMALL('Sự kiện'!$T$5:$T$304,6),'Sự kiện'!$T$5:$T$304,0),0))) | I14: =IF(IFERROR(MATCH(SMALL('Sự kiện'!$T$5:$T$304,6),'Sự kiện'!$T$5:$T$304,0),0)=0,"",INDEX('Sự kiện'!$Q$5:$Q$304,IFERROR(MATCH(SMALL('Sự kiện'!$T$5:$T$304,6),'Sự kiện'!$T$5:$T$304,0),0))) | J14: =IF(IFERROR(MATCH(SMALL('Sự kiện'!$T$5:$T$304,6),'Sự kiện'!$T$5:$T$304,0),0)=0,"",INDEX('Sự kiện'!$R$5:$R$304,IFERROR(MATCH(SMALL('Sự kiện'!$T$5:$T$304,6),'Sự kiện'!$T$5:$T$304,0),0))&"")
A15: =IF(IFERROR(MATCH(SMALL('Sự kiện'!$T$5:$T$304,7),'Sự kiện'!$T$5:$T$304,0),0)=0,"",INDEX('Sự kiện'!$B$5:$B$304,IFERROR(MATCH(SMALL('Sự kiện'!$T$5:$T$304,7),'Sự kiện'!$T$5:$T$304,0),0))&"") | B15: =IF(IFERROR(MATCH(SMALL('Sự kiện'!$T$5:$T$304,7),'Sự kiện'!$T$5:$T$304,0),0)=0,"",INDEX('Sự kiện'!$C$5:$C$304,IFERROR(MATCH(SMALL('Sự kiện'!$T$5:$T$304,7),'Sự kiện'!$T$5:$T$304,0),0))) | C15: =IF(IFERROR(MATCH(SMALL('Sự kiện'!$T$5:$T$304,7),'Sự kiện'!$T$5:$T$304,0),0)=0,"",INDEX('Sự kiện'!$S$5:$S$304,IFERROR(MATCH(SMALL('Sự kiện'!$T$5:$T$304,7),'Sự kiện'!$T$5:$T$304,0),0))&"") | D15: =IF(IFERROR(MATCH(SMALL('Sự kiện'!$T$5:$T$304,7),'Sự kiện'!$T$5:$T$304,0),0)=0,"",INDEX('Sự kiện'!$K$5:$K$304,IFERROR(MATCH(SMALL('Sự kiện'!$T$5:$T$304,7),'Sự kiện'!$T$5:$T$304,0),0))&"") | E15: =IF(IFERROR(MATCH(SMALL('Sự kiện'!$T$5:$T$304,7),'Sự kiện'!$T$5:$T$304,0),0)=0,"",INDEX('Sự kiện'!$N$5:$N$304,IFERROR(MATCH(SMALL('Sự kiện'!$T$5:$T$304,7),'Sự kiện'!$T$5:$T$304,0),0))) | F15: =IF(A15="","",N(INDEX('Sự kiện'!$M$5:$M$304,IFERROR(MATCH(SMALL('Sự kiện'!$T$5:$T$304,7),'Sự kiện'!$T$5:$T$304,0),0)))-N(E15)-N(G15)) | G15: =IF(IFERROR(MATCH(SMALL('Sự kiện'!$T$5:$T$304,7),'Sự kiện'!$T$5:$T$304,0),0)=0,"",INDEX('Sự kiện'!$O$5:$O$304,IFERROR(MATCH(SMALL('Sự kiện'!$T$5:$T$304,7),'Sự kiện'!$T$5:$T$304,0),0))) | H15: =IF(IFERROR(MATCH(SMALL('Sự kiện'!$T$5:$T$304,7),'Sự kiện'!$T$5:$T$304,0),0)=0,"",INDEX('Sự kiện'!$P$5:$P$304,IFERROR(MATCH(SMALL('Sự kiện'!$T$5:$T$304,7),'Sự kiện'!$T$5:$T$304,0),0))) | I15: =IF(IFERROR(MATCH(SMALL('Sự kiện'!$T$5:$T$304,7),'Sự kiện'!$T$5:$T$304,0),0)=0,"",INDEX('Sự kiện'!$Q$5:$Q$304,IFERROR(MATCH(SMALL('Sự kiện'!$T$5:$T$304,7),'Sự kiện'!$T$5:$T$304,0),0))) | J15: =IF(IFERROR(MATCH(SMALL('Sự kiện'!$T$5:$T$304,7),'Sự kiện'!$T$5:$T$304,0),0)=0,"",INDEX('Sự kiện'!$R$5:$R$304,IFERROR(MATCH(SMALL('Sự kiện'!$T$5:$T$304,7),'Sự kiện'!$T$5:$T$304,0),0))&"")
A16: =IF(IFERROR(MATCH(SMALL('Sự kiện'!$T$5:$T$304,8),'Sự kiện'!$T$5:$T$304,0),0)=0,"",INDEX('Sự kiện'!$B$5:$B$304,IFERROR(MATCH(SMALL('Sự kiện'!$T$5:$T$304,8),'Sự kiện'!$T$5:$T$304,0),0))&"") | B16: =IF(IFERROR(MATCH(SMALL('Sự kiện'!$T$5:$T$304,8),'Sự kiện'!$T$5:$T$304,0),0)=0,"",INDEX('Sự kiện'!$C$5:$C$304,IFERROR(MATCH(SMALL('Sự kiện'!$T$5:$T$304,8),'Sự kiện'!$T$5:$T$304,0),0))) | C16: =IF(IFERROR(MATCH(SMALL('Sự kiện'!$T$5:$T$304,8),'Sự kiện'!$T$5:$T$304,0),0)=0,"",INDEX('Sự kiện'!$S$5:$S$304,IFERROR(MATCH(SMALL('Sự kiện'!$T$5:$T$304,8),'Sự kiện'!$T$5:$T$304,0),0))&"") | D16: =IF(IFERROR(MATCH(SMALL('Sự kiện'!$T$5:$T$304,8),'Sự kiện'!$T$5:$T$304,0),0)=0,"",INDEX('Sự kiện'!$K$5:$K$304,IFERROR(MATCH(SMALL('Sự kiện'!$T$5:$T$304,8),'Sự kiện'!$T$5:$T$304,0),0))&"") | E16: =IF(IFERROR(MATCH(SMALL('Sự kiện'!$T$5:$T$304,8),'Sự kiện'!$T$5:$T$304,0),0)=0,"",INDEX('Sự kiện'!$N$5:$N$304,IFERROR(MATCH(SMALL('Sự kiện'!$T$5:$T$304,8),'Sự kiện'!$T$5:$T$304,0),0))) | F16: =IF(A16="","",N(INDEX('Sự kiện'!$M$5:$M$304,IFERROR(MATCH(SMALL('Sự kiện'!$T$5:$T$304,8),'Sự kiện'!$T$5:$T$304,0),0)))-N(E16)-N(G16)) | G16: =IF(IFERROR(MATCH(SMALL('Sự kiện'!$T$5:$T$304,8),'Sự kiện'!$T$5:$T$304,0),0)=0,"",INDEX('Sự kiện'!$O$5:$O$304,IFERROR(MATCH(SMALL('Sự kiện'!$T$5:$T$304,8),'Sự kiện'!$T$5:$T$304,0),0))) | H16: =IF(IFERROR(MATCH(SMALL('Sự kiện'!$T$5:$T$304,8),'Sự kiện'!$T$5:$T$304,0),0)=0,"",INDEX('Sự kiện'!$P$5:$P$304,IFERROR(MATCH(SMALL('Sự kiện'!$T$5:$T$304,8),'Sự kiện'!$T$5:$T$304,0),0))) | I16: =IF(IFERROR(MATCH(SMALL('Sự kiện'!$T$5:$T$304,8),'Sự kiện'!$T$5:$T$304,0),0)=0,"",INDEX('Sự kiện'!$Q$5:$Q$304,IFERROR(MATCH(SMALL('Sự kiện'!$T$5:$T$304,8),'Sự kiện'!$T$5:$T$304,0),0))) | J16: =IF(IFERROR(MATCH(SMALL('Sự kiện'!$T$5:$T$304,8),'Sự kiện'!$T$5:$T$304,0),0)=0,"",INDEX('Sự kiện'!$R$5:$R$304,IFERROR(MATCH(SMALL('Sự kiện'!$T$5:$T$304,8),'Sự kiện'!$T$5:$T$304,0),0))&"")
A17: =IF(IFERROR(MATCH(SMALL('Sự kiện'!$T$5:$T$304,9),'Sự kiện'!$T$5:$T$304,0),0)=0,"",INDEX('Sự kiện'!$B$5:$B$304,IFERROR(MATCH(SMALL('Sự kiện'!$T$5:$T$304,9),'Sự kiện'!$T$5:$T$304,0),0))&"") | B17: =IF(IFERROR(MATCH(SMALL('Sự kiện'!$T$5:$T$304,9),'Sự kiện'!$T$5:$T$304,0),0)=0,"",INDEX('Sự kiện'!$C$5:$C$304,IFERROR(MATCH(SMALL('Sự kiện'!$T$5:$T$304,9),'Sự kiện'!$T$5:$T$304,0),0))) | C17: =IF(IFERROR(MATCH(SMALL('Sự kiện'!$T$5:$T$304,9),'Sự kiện'!$T$5:$T$304,0),0)=0,"",INDEX('Sự kiện'!$S$5:$S$304,IFERROR(MATCH(SMALL('Sự kiện'!$T$5:$T$304,9),'Sự kiện'!$T$5:$T$304,0),0))&"") | D17: =IF(IFERROR(MATCH(SMALL('Sự kiện'!$T$5:$T$304,9),'Sự kiện'!$T$5:$T$304,0),0)=0,"",INDEX('Sự kiện'!$K$5:$K$304,IFERROR(MATCH(SMALL('Sự kiện'!$T$5:$T$304,9),'Sự kiện'!$T$5:$T$304,0),0))&"") | E17: =IF(IFERROR(MATCH(SMALL('Sự kiện'!$T$5:$T$304,9),'Sự kiện'!$T$5:$T$304,0),0)=0,"",INDEX('Sự kiện'!$N$5:$N$304,IFERROR(MATCH(SMALL('Sự kiện'!$T$5:$T$304,9),'Sự kiện'!$T$5:$T$304,0),0))) | F17: =IF(A17="","",N(INDEX('Sự kiện'!$M$5:$M$304,IFERROR(MATCH(SMALL('Sự kiện'!$T$5:$T$304,9),'Sự kiện'!$T$5:$T$304,0),0)))-N(E17)-N(G17)) | G17: =IF(IFERROR(MATCH(SMALL('Sự kiện'!$T$5:$T$304,9),'Sự kiện'!$T$5:$T$304,0),0)=0,"",INDEX('Sự kiện'!$O$5:$O$304,IFERROR(MATCH(SMALL('Sự kiện'!$T$5:$T$304,9),'Sự kiện'!$T$5:$T$304,0),0))) | H17: =IF(IFERROR(MATCH(SMALL('Sự kiện'!$T$5:$T$304,9),'Sự kiện'!$T$5:$T$304,0),0)=0,"",INDEX('Sự kiện'!$P$5:$P$304,IFERROR(MATCH(SMALL('Sự kiện'!$T$5:$T$304,9),'Sự kiện'!$T$5:$T$304,0),0))) | I17: =IF(IFERROR(MATCH(SMALL('Sự kiện'!$T$5:$T$304,9),'Sự kiện'!$T$5:$T$304,0),0)=0,"",INDEX('Sự kiện'!$Q$5:$Q$304,IFERROR(MATCH(SMALL('Sự kiện'!$T$5:$T$304,9),'Sự kiện'!$T$5:$T$304,0),0))) | J17: =IF(IFERROR(MATCH(SMALL('Sự kiện'!$T$5:$T$304,9),'Sự kiện'!$T$5:$T$304,0),0)=0,"",INDEX('Sự kiện'!$R$5:$R$304,IFERROR(MATCH(SMALL('Sự kiện'!$T$5:$T$304,9),'Sự kiện'!$T$5:$T$304,0),0))&"")
A18: =IF(IFERROR(MATCH(SMALL('Sự kiện'!$T$5:$T$304,10),'Sự kiện'!$T$5:$T$304,0),0)=0,"",INDEX('Sự kiện'!$B$5:$B$304,IFERROR(MATCH(SMALL('Sự kiện'!$T$5:$T$304,10),'Sự kiện'!$T$5:$T$304,0),0))&"") | B18: =IF(IFERROR(MATCH(SMALL('Sự kiện'!$T$5:$T$304,10),'Sự kiện'!$T$5:$T$304,0),0)=0,"",INDEX('Sự kiện'!$C$5:$C$304,IFERROR(MATCH(SMALL('Sự kiện'!$T$5:$T$304,10),'Sự kiện'!$T$5:$T$304,0),0))) | C18: =IF(IFERROR(MATCH(SMALL('Sự kiện'!$T$5:$T$304,10),'Sự kiện'!$T$5:$T$304,0),0)=0,"",INDEX('Sự kiện'!$S$5:$S$304,IFERROR(MATCH(SMALL('Sự kiện'!$T$5:$T$304,10),'Sự kiện'!$T$5:$T$304,0),0))&"") | D18: =IF(IFERROR(MATCH(SMALL('Sự kiện'!$T$5:$T$304,10),'Sự kiện'!$T$5:$T$304,0),0)=0,"",INDEX('Sự kiện'!$K$5:$K$304,IFERROR(MATCH(SMALL('Sự kiện'!$T$5:$T$304,10),'Sự kiện'!$T$5:$T$304,0),0))&"") | E18: =IF(IFERROR(MATCH(SMALL('Sự kiện'!$T$5:$T$304,10),'Sự kiện'!$T$5:$T$304,0),0)=0,"",INDEX('Sự kiện'!$N$5:$N$304,IFERROR(MATCH(SMALL('Sự kiện'!$T$5:$T$304,10),'Sự kiện'!$T$5:$T$304,0),0))) | F18: =IF(A18="","",N(INDEX('Sự kiện'!$M$5:$M$304,IFERROR(MATCH(SMALL('Sự kiện'!$T$5:$T$304,10),'Sự kiện'!$T$5:$T$304,0),0)))-N(E18)-N(G18)) | G18: =IF(IFERROR(MATCH(SMALL('Sự kiện'!$T$5:$T$304,10),'Sự kiện'!$T$5:$T$304,0),0)=0,"",INDEX('Sự kiện'!$O$5:$O$304,IFERROR(MATCH(SMALL('Sự kiện'!$T$5:$T$304,10),'Sự kiện'!$T$5:$T$304,0),0))) | H18: =IF(IFERROR(MATCH(SMALL('Sự kiện'!$T$5:$T$304,10),'Sự kiện'!$T$5:$T$304,0),0)=0,"",INDEX('Sự kiện'!$P$5:$P$304,IFERROR(MATCH(SMALL('Sự kiện'!$T$5:$T$304,10),'Sự kiện'!$T$5:$T$304,0),0))) | I18: =IF(IFERROR(MATCH(SMALL('Sự kiện'!$T$5:$T$304,10),'Sự kiện'!$T$5:$T$304,0),0)=0,"",INDEX('Sự kiện'!$Q$5:$Q$304,IFERROR(MATCH(SMALL('Sự kiện'!$T$5:$T$304,10),'Sự kiện'!$T$5:$T$304,0),0))) | J18: =IF(IFERROR(MATCH(SMALL('Sự kiện'!$T$5:$T$304,10),'Sự kiện'!$T$5:$T$304,0),0)=0,"",INDEX('Sự kiện'!$R$5:$R$304,IFERROR(MATCH(SMALL('Sự kiện'!$T$5:$T$304,10),'Sự kiện'!$T$5:$T$304,0),0))&"")
A19: =IF(IFERROR(MATCH(SMALL('Sự kiện'!$T$5:$T$304,11),'Sự kiện'!$T$5:$T$304,0),0)=0,"",INDEX('Sự kiện'!$B$5:$B$304,IFERROR(MATCH(SMALL('Sự kiện'!$T$5:$T$304,11),'Sự kiện'!$T$5:$T$304,0),0))&"") | B19: =IF(IFERROR(MATCH(SMALL('Sự kiện'!$T$5:$T$304,11),'Sự kiện'!$T$5:$T$304,0),0)=0,"",INDEX('Sự kiện'!$C$5:$C$304,IFERROR(MATCH(SMALL('Sự kiện'!$T$5:$T$304,11),'Sự kiện'!$T$5:$T$304,0),0))) | C19: =IF(IFERROR(MATCH(SMALL('Sự kiện'!$T$5:$T$304,11),'Sự kiện'!$T$5:$T$304,0),0)=0,"",INDEX('Sự kiện'!$S$5:$S$304,IFERROR(MATCH(SMALL('Sự kiện'!$T$5:$T$304,11),'Sự kiện'!$T$5:$T$304,0),0))&"") | D19: =IF(IFERROR(MATCH(SMALL('Sự kiện'!$T$5:$T$304,11),'Sự kiện'!$T$5:$T$304,0),0)=0,"",INDEX('Sự kiện'!$K$5:$K$304,IFERROR(MATCH(SMALL('Sự kiện'!$T$5:$T$304,11),'Sự kiện'!$T$5:$T$304,0),0))&"") | E19: =IF(IFERROR(MATCH(SMALL('Sự kiện'!$T$5:$T$304,11),'Sự kiện'!$T$5:$T$304,0),0)=0,"",INDEX('Sự kiện'!$N$5:$N$304,IFERROR(MATCH(SMALL('Sự kiện'!$T$5:$T$304,11),'Sự kiện'!$T$5:$T$304,0),0))) | F19: =IF(A19="","",N(INDEX('Sự kiện'!$M$5:$M$304,IFERROR(MATCH(SMALL('Sự kiện'!$T$5:$T$304,11),'Sự kiện'!$T$5:$T$304,0),0)))-N(E19)-N(G19)) | G19: =IF(IFERROR(MATCH(SMALL('Sự kiện'!$T$5:$T$304,11),'Sự kiện'!$T$5:$T$304,0),0)=0,"",INDEX('Sự kiện'!$O$5:$O$304,IFERROR(MATCH(SMALL('Sự kiện'!$T$5:$T$304,11),'Sự kiện'!$T$5:$T$304,0),0))) | H19: =IF(IFERROR(MATCH(SMALL('Sự kiện'!$T$5:$T$304,11),'Sự kiện'!$T$5:$T$304,0),0)=0,"",INDEX('Sự kiện'!$P$5:$P$304,IFERROR(MATCH(SMALL('Sự kiện'!$T$5:$T$304,11),'Sự kiện'!$T$5:$T$304,0),0))) | I19: =IF(IFERROR(MATCH(SMALL('Sự kiện'!$T$5:$T$304,11),'Sự kiện'!$T$5:$T$304,0),0)=0,"",INDEX('Sự kiện'!$Q$5:$Q$304,IFERROR(MATCH(SMALL('Sự kiện'!$T$5:$T$304,11),'Sự kiện'!$T$5:$T$304,0),0))) | J19: =IF(IFERROR(MATCH(SMALL('Sự kiện'!$T$5:$T$304,11),'Sự kiện'!$T$5:$T$304,0),0)=0,"",INDEX('Sự kiện'!$R$5:$R$304,IFERROR(MATCH(SMALL('Sự kiện'!$T$5:$T$304,11),'Sự kiện'!$T$5:$T$304,0),0))&"")
A20: =IF(IFERROR(MATCH(SMALL('Sự kiện'!$T$5:$T$304,12),'Sự kiện'!$T$5:$T$304,0),0)=0,"",INDEX('Sự kiện'!$B$5:$B$304,IFERROR(MATCH(SMALL('Sự kiện'!$T$5:$T$304,12),'Sự kiện'!$T$5:$T$304,0),0))&"") | B20: =IF(IFERROR(MATCH(SMALL('Sự kiện'!$T$5:$T$304,12),'Sự kiện'!$T$5:$T$304,0),0)=0,"",INDEX('Sự kiện'!$C$5:$C$304,IFERROR(MATCH(SMALL('Sự kiện'!$T$5:$T$304,12),'Sự kiện'!$T$5:$T$304,0),0))) | C20: =IF(IFERROR(MATCH(SMALL('Sự kiện'!$T$5:$T$304,12),'Sự kiện'!$T$5:$T$304,0),0)=0,"",INDEX('Sự kiện'!$S$5:$S$304,IFERROR(MATCH(SMALL('Sự kiện'!$T$5:$T$304,12),'Sự kiện'!$T$5:$T$304,0),0))&"") | D20: =IF(IFERROR(MATCH(SMALL('Sự kiện'!$T$5:$T$304,12),'Sự kiện'!$T$5:$T$304,0),0)=0,"",INDEX('Sự kiện'!$K$5:$K$304,IFERROR(MATCH(SMALL('Sự kiện'!$T$5:$T$304,12),'Sự kiện'!$T$5:$T$304,0),0))&"") | E20: =IF(IFERROR(MATCH(SMALL('Sự kiện'!$T$5:$T$304,12),'Sự kiện'!$T$5:$T$304,0),0)=0,"",INDEX('Sự kiện'!$N$5:$N$304,IFERROR(MATCH(SMALL('Sự kiện'!$T$5:$T$304,12),'Sự kiện'!$T$5:$T$304,0),0))) | F20: =IF(A20="","",N(INDEX('Sự kiện'!$M$5:$M$304,IFERROR(MATCH(SMALL('Sự kiện'!$T$5:$T$304,12),'Sự kiện'!$T$5:$T$304,0),0)))-N(E20)-N(G20)) | G20: =IF(IFERROR(MATCH(SMALL('Sự kiện'!$T$5:$T$304,12),'Sự kiện'!$T$5:$T$304,0),0)=0,"",INDEX('Sự kiện'!$O$5:$O$304,IFERROR(MATCH(SMALL('Sự kiện'!$T$5:$T$304,12),'Sự kiện'!$T$5:$T$304,0),0))) | H20: =IF(IFERROR(MATCH(SMALL('Sự kiện'!$T$5:$T$304,12),'Sự kiện'!$T$5:$T$304,0),0)=0,"",INDEX('Sự kiện'!$P$5:$P$304,IFERROR(MATCH(SMALL('Sự kiện'!$T$5:$T$304,12),'Sự kiện'!$T$5:$T$304,0),0))) | I20: =IF(IFERROR(MATCH(SMALL('Sự kiện'!$T$5:$T$304,12),'Sự kiện'!$T$5:$T$304,0),0)=0,"",INDEX('Sự kiện'!$Q$5:$Q$304,IFERROR(MATCH(SMALL('Sự kiện'!$T$5:$T$304,12),'Sự kiện'!$T$5:$T$304,0),0))) | J20: =IF(IFERROR(MATCH(SMALL('Sự kiện'!$T$5:$T$304,12),'Sự kiện'!$T$5:$T$304,0),0)=0,"",INDEX('Sự kiện'!$R$5:$R$304,IFERROR(MATCH(SMALL('Sự kiện'!$T$5:$T$304,12),'Sự kiện'!$T$5:$T$304,0),0))&"")
A22: THEO NGƯỜI PHỤ TRÁCH
A23: Người | B23: Đang mở | C23: Quá hạn | D23: Đến hạn ≤ 3 ngày | E23: Xong | F23: Tổng | G23: % | J23: Tiến độ
A24: =IF('Cài đặt'!$D$5="","",'Cài đặt'!$D$5) | B24: =IF(A24="","",COUNTIFS('Giao việc'!$F$5:$F$3004,A24,'Giao việc'!$R$5:$R$3004,"Có",'Giao việc'!$I$5:$I$3004,"<>Xong",'Giao việc'!$I$5:$I$3004,"<>Bỏ qua")) | C24: =IF(A24="","",COUNTIFS('Giao việc'!$F$5:$F$3004,A24,'Giao việc'!$R$5:$R$3004,"Có",'Giao việc'!$L$5:$L$3004,"*QUÁ HẠN*")) | D24: =IF(A24="","",COUNTIFS('Giao việc'!$F$5:$F$3004,A24,'Giao việc'!$R$5:$R$3004,"Có",'Giao việc'!$L$5:$L$3004,"*Đến hạn*")) | E24: =IF(A24="","",COUNTIFS('Giao việc'!$F$5:$F$3004,A24,'Giao việc'!$R$5:$R$3004,"Có",'Giao việc'!$I$5:$I$3004,"Xong")) | F24: =IF(A24="","",B24+E24) | G24: =IF(OR(A24="",N(F24)=0),"",E24/F24) | J24: =IF(G24="","",REPT("█",ROUND(G24*10,0))&REPT("░",10-ROUND(G24*10,0)))
A25: =IF('Cài đặt'!$D$6="","",'Cài đặt'!$D$6) | B25: =IF(A25="","",COUNTIFS('Giao việc'!$F$5:$F$3004,A25,'Giao việc'!$R$5:$R$3004,"Có",'Giao việc'!$I$5:$I$3004,"<>Xong",'Giao việc'!$I$5:$I$3004,"<>Bỏ qua")) | C25: =IF(A25="","",COUNTIFS('Giao việc'!$F$5:$F$3004,A25,'Giao việc'!$R$5:$R$3004,"Có",'Giao việc'!$L$5:$L$3004,"*QUÁ HẠN*")) | D25: =IF(A25="","",COUNTIFS('Giao việc'!$F$5:$F$3004,A25,'Giao việc'!$R$5:$R$3004,"Có",'Giao việc'!$L$5:$L$3004,"*Đến hạn*")) | E25: =IF(A25="","",COUNTIFS('Giao việc'!$F$5:$F$3004,A25,'Giao việc'!$R$5:$R$3004,"Có",'Giao việc'!$I$5:$I$3004,"Xong")) | F25: =IF(A25="","",B25+E25) | G25: =IF(OR(A25="",N(F25)=0),"",E25/F25) | J25: =IF(G25="","",REPT("█",ROUND(G25*10,0))&REPT("░",10-ROUND(G25*10,0)))
A26: =IF('Cài đặt'!$D$7="","",'Cài đặt'!$D$7) | B26: =IF(A26="","",COUNTIFS('Giao việc'!$F$5:$F$3004,A26,'Giao việc'!$R$5:$R$3004,"Có",'Giao việc'!$I$5:$I$3004,"<>Xong",'Giao việc'!$I$5:$I$3004,"<>Bỏ qua")) | C26: =IF(A26="","",COUNTIFS('Giao việc'!$F$5:$F$3004,A26,'Giao việc'!$R$5:$R$3004,"Có",'Giao việc'!$L$5:$L$3004,"*QUÁ HẠN*")) | D26: =IF(A26="","",COUNTIFS('Giao việc'!$F$5:$F$3004,A26,'Giao việc'!$R$5:$R$3004,"Có",'Giao việc'!$L$5:$L$3004,"*Đến hạn*")) | E26: =IF(A26="","",COUNTIFS('Giao việc'!$F$5:$F$3004,A26,'Giao việc'!$R$5:$R$3004,"Có",'Giao việc'!$I$5:$I$3004,"Xong")) | F26: =IF(A26="","",B26+E26) | G26: =IF(OR(A26="",N(F26)=0),"",E26/F26) | J26: =IF(G26="","",REPT("█",ROUND(G26*10,0))&REPT("░",10-ROUND(G26*10,0)))
A27: =IF('Cài đặt'!$D$8="","",'Cài đặt'!$D$8) | B27: =IF(A27="","",COUNTIFS('Giao việc'!$F$5:$F$3004,A27,'Giao việc'!$R$5:$R$3004,"Có",'Giao việc'!$I$5:$I$3004,"<>Xong",'Giao việc'!$I$5:$I$3004,"<>Bỏ qua")) | C27: =IF(A27="","",COUNTIFS('Giao việc'!$F$5:$F$3004,A27,'Giao việc'!$R$5:$R$3004,"Có",'Giao việc'!$L$5:$L$3004,"*QUÁ HẠN*")) | D27: =IF(A27="","",COUNTIFS('Giao việc'!$F$5:$F$3004,A27,'Giao việc'!$R$5:$R$3004,"Có",'Giao việc'!$L$5:$L$3004,"*Đến hạn*")) | E27: =IF(A27="","",COUNTIFS('Giao việc'!$F$5:$F$3004,A27,'Giao việc'!$R$5:$R$3004,"Có",'Giao việc'!$I$5:$I$3004,"Xong")) | F27: =IF(A27="","",B27+E27) | G27: =IF(OR(A27="",N(F27)=0),"",E27/F27) | J27: =IF(G27="","",REPT("█",ROUND(G27*10,0))&REPT("░",10-ROUND(G27*10,0)))
A28: =IF('Cài đặt'!$D$9="","",'Cài đặt'!$D$9) | B28: =IF(A28="","",COUNTIFS('Giao việc'!$F$5:$F$3004,A28,'Giao việc'!$R$5:$R$3004,"Có",'Giao việc'!$I$5:$I$3004,"<>Xong",'Giao việc'!$I$5:$I$3004,"<>Bỏ qua")) | C28: =IF(A28="","",COUNTIFS('Giao việc'!$F$5:$F$3004,A28,'Giao việc'!$R$5:$R$3004,"Có",'Giao việc'!$L$5:$L$3004,"*QUÁ HẠN*")) | D28: =IF(A28="","",COUNTIFS('Giao việc'!$F$5:$F$3004,A28,'Giao việc'!$R$5:$R$3004,"Có",'Giao việc'!$L$5:$L$3004,"*Đến hạn*")) | E28: =IF(A28="","",COUNTIFS('Giao việc'!$F$5:$F$3004,A28,'Giao việc'!$R$5:$R$3004,"Có",'Giao việc'!$I$5:$I$3004,"Xong")) | F28: =IF(A28="","",B28+E28) | G28: =IF(OR(A28="",N(F28)=0),"",E28/F28) | J28: =IF(G28="","",REPT("█",ROUND(G28*10,0))&REPT("░",10-ROUND(G28*10,0)))
A29: =IF('Cài đặt'!$D$10="","",'Cài đặt'!$D$10) | B29: =IF(A29="","",COUNTIFS('Giao việc'!$F$5:$F$3004,A29,'Giao việc'!$R$5:$R$3004,"Có",'Giao việc'!$I$5:$I$3004,"<>Xong",'Giao việc'!$I$5:$I$3004,"<>Bỏ qua")) | C29: =IF(A29="","",COUNTIFS('Giao việc'!$F$5:$F$3004,A29,'Giao việc'!$R$5:$R$3004,"Có",'Giao việc'!$L$5:$L$3004,"*QUÁ HẠN*")) | D29: =IF(A29="","",COUNTIFS('Giao việc'!$F$5:$F$3004,A29,'Giao việc'!$R$5:$R$3004,"Có",'Giao việc'!$L$5:$L$3004,"*Đến hạn*")) | E29: =IF(A29="","",COUNTIFS('Giao việc'!$F$5:$F$3004,A29,'Giao việc'!$R$5:$R$3004,"Có",'Giao việc'!$I$5:$I$3004,"Xong")) | F29: =IF(A29="","",B29+E29) | G29: =IF(OR(A29="",N(F29)=0),"",E29/F29) | J29: =IF(G29="","",REPT("█",ROUND(G29*10,0))&REPT("░",10-ROUND(G29*10,0)))
A30: =IF('Cài đặt'!$D$11="","",'Cài đặt'!$D$11) | B30: =IF(A30="","",COUNTIFS('Giao việc'!$F$5:$F$3004,A30,'Giao việc'!$R$5:$R$3004,"Có",'Giao việc'!$I$5:$I$3004,"<>Xong",'Giao việc'!$I$5:$I$3004,"<>Bỏ qua")) | C30: =IF(A30="","",COUNTIFS('Giao việc'!$F$5:$F$3004,A30,'Giao việc'!$R$5:$R$3004,"Có",'Giao việc'!$L$5:$L$3004,"*QUÁ HẠN*")) | D30: =IF(A30="","",COUNTIFS('Giao việc'!$F$5:$F$3004,A30,'Giao việc'!$R$5:$R$3004,"Có",'Giao việc'!$L$5:$L$3004,"*Đến hạn*")) | E30: =IF(A30="","",COUNTIFS('Giao việc'!$F$5:$F$3004,A30,'Giao việc'!$R$5:$R$3004,"Có",'Giao việc'!$I$5:$I$3004,"Xong")) | F30: =IF(A30="","",B30+E30) | G30: =IF(OR(A30="",N(F30)=0),"",E30/F30) | J30: =IF(G30="","",REPT("█",ROUND(G30*10,0))&REPT("░",10-ROUND(G30*10,0)))
A31: =IF('Cài đặt'!$D$12="","",'Cài đặt'!$D$12) | B31: =IF(A31="","",COUNTIFS('Giao việc'!$F$5:$F$3004,A31,'Giao việc'!$R$5:$R$3004,"Có",'Giao việc'!$I$5:$I$3004,"<>Xong",'Giao việc'!$I$5:$I$3004,"<>Bỏ qua")) | C31: =IF(A31="","",COUNTIFS('Giao việc'!$F$5:$F$3004,A31,'Giao việc'!$R$5:$R$3004,"Có",'Giao việc'!$L$5:$L$3004,"*QUÁ HẠN*")) | D31: =IF(A31="","",COUNTIFS('Giao việc'!$F$5:$F$3004,A31,'Giao việc'!$R$5:$R$3004,"Có",'Giao việc'!$L$5:$L$3004,"*Đến hạn*")) | E31: =IF(A31="","",COUNTIFS('Giao việc'!$F$5:$F$3004,A31,'Giao việc'!$R$5:$R$3004,"Có",'Giao việc'!$I$5:$I$3004,"Xong")) | F31: =IF(A31="","",B31+E31) | G31: =IF(OR(A31="",N(F31)=0),"",E31/F31) | J31: =IF(G31="","",REPT("█",ROUND(G31*10,0))&REPT("░",10-ROUND(G31*10,0)))
A32: =IF('Cài đặt'!$D$13="","",'Cài đặt'!$D$13) | B32: =IF(A32="","",COUNTIFS('Giao việc'!$F$5:$F$3004,A32,'Giao việc'!$R$5:$R$3004,"Có",'Giao việc'!$I$5:$I$3004,"<>Xong",'Giao việc'!$I$5:$I$3004,"<>Bỏ qua")) | C32: =IF(A32="","",COUNTIFS('Giao việc'!$F$5:$F$3004,A32,'Giao việc'!$R$5:$R$3004,"Có",'Giao việc'!$L$5:$L$3004,"*QUÁ HẠN*")) | D32: =IF(A32="","",COUNTIFS('Giao việc'!$F$5:$F$3004,A32,'Giao việc'!$R$5:$R$3004,"Có",'Giao việc'!$L$5:$L$3004,"*Đến hạn*")) | E32: =IF(A32="","",COUNTIFS('Giao việc'!$F$5:$F$3004,A32,'Giao việc'!$R$5:$R$3004,"Có",'Giao việc'!$I$5:$I$3004,"Xong")) | F32: =IF(A32="","",B32+E32) | G32: =IF(OR(A32="",N(F32)=0),"",E32/F32) | J32: =IF(G32="","",REPT("█",ROUND(G32*10,0))&REPT("░",10-ROUND(G32*10,0)))
A33: =IF('Cài đặt'!$D$14="","",'Cài đặt'!$D$14) | B33: =IF(A33="","",COUNTIFS('Giao việc'!$F$5:$F$3004,A33,'Giao việc'!$R$5:$R$3004,"Có",'Giao việc'!$I$5:$I$3004,"<>Xong",'Giao việc'!$I$5:$I$3004,"<>Bỏ qua")) | C33: =IF(A33="","",COUNTIFS('Giao việc'!$F$5:$F$3004,A33,'Giao việc'!$R$5:$R$3004,"Có",'Giao việc'!$L$5:$L$3004,"*QUÁ HẠN*")) | D33: =IF(A33="","",COUNTIFS('Giao việc'!$F$5:$F$3004,A33,'Giao việc'!$R$5:$R$3004,"Có",'Giao việc'!$L$5:$L$3004,"*Đến hạn*")) | E33: =IF(A33="","",COUNTIFS('Giao việc'!$F$5:$F$3004,A33,'Giao việc'!$R$5:$R$3004,"Có",'Giao việc'!$I$5:$I$3004,"Xong")) | F33: =IF(A33="","",B33+E33) | G33: =IF(OR(A33="",N(F33)=0),"",E33/F33) | J33: =IF(G33="","",REPT("█",ROUND(G33*10,0))&REPT("░",10-ROUND(G33*10,0)))
A34: =IF('Cài đặt'!$D$15="","",'Cài đặt'!$D$15) | B34: =IF(A34="","",COUNTIFS('Giao việc'!$F$5:$F$3004,A34,'Giao việc'!$R$5:$R$3004,"Có",'Giao việc'!$I$5:$I$3004,"<>Xong",'Giao việc'!$I$5:$I$3004,"<>Bỏ qua")) | C34: =IF(A34="","",COUNTIFS('Giao việc'!$F$5:$F$3004,A34,'Giao việc'!$R$5:$R$3004,"Có",'Giao việc'!$L$5:$L$3004,"*QUÁ HẠN*")) | D34: =IF(A34="","",COUNTIFS('Giao việc'!$F$5:$F$3004,A34,'Giao việc'!$R$5:$R$3004,"Có",'Giao việc'!$L$5:$L$3004,"*Đến hạn*")) | E34: =IF(A34="","",COUNTIFS('Giao việc'!$F$5:$F$3004,A34,'Giao việc'!$R$5:$R$3004,"Có",'Giao việc'!$I$5:$I$3004,"Xong")) | F34: =IF(A34="","",B34+E34) | G34: =IF(OR(A34="",N(F34)=0),"",E34/F34) | J34: =IF(G34="","",REPT("█",ROUND(G34*10,0))&REPT("░",10-ROUND(G34*10,0)))
A35: =IF('Cài đặt'!$D$16="","",'Cài đặt'!$D$16) | B35: =IF(A35="","",COUNTIFS('Giao việc'!$F$5:$F$3004,A35,'Giao việc'!$R$5:$R$3004,"Có",'Giao việc'!$I$5:$I$3004,"<>Xong",'Giao việc'!$I$5:$I$3004,"<>Bỏ qua")) | C35: =IF(A35="","",COUNTIFS('Giao việc'!$F$5:$F$3004,A35,'Giao việc'!$R$5:$R$3004,"Có",'Giao việc'!$L$5:$L$3004,"*QUÁ HẠN*")) | D35: =IF(A35="","",COUNTIFS('Giao việc'!$F$5:$F$3004,A35,'Giao việc'!$R$5:$R$3004,"Có",'Giao việc'!$L$5:$L$3004,"*Đến hạn*")) | E35: =IF(A35="","",COUNTIFS('Giao việc'!$F$5:$F$3004,A35,'Giao việc'!$R$5:$R$3004,"Có",'Giao việc'!$I$5:$I$3004,"Xong")) | F35: =IF(A35="","",B35+E35) | G35: =IF(OR(A35="",N(F35)=0),"",E35/F35) | J35: =IF(G35="","",REPT("█",ROUND(G35*10,0))&REPT("░",10-ROUND(G35*10,0)))
A36: =IF('Cài đặt'!$D$17="","",'Cài đặt'!$D$17) | B36: =IF(A36="","",COUNTIFS('Giao việc'!$F$5:$F$3004,A36,'Giao việc'!$R$5:$R$3004,"Có",'Giao việc'!$I$5:$I$3004,"<>Xong",'Giao việc'!$I$5:$I$3004,"<>Bỏ qua")) | C36: =IF(A36="","",COUNTIFS('Giao việc'!$F$5:$F$3004,A36,'Giao việc'!$R$5:$R$3004,"Có",'Giao việc'!$L$5:$L$3004,"*QUÁ HẠN*")) | D36: =IF(A36="","",COUNTIFS('Giao việc'!$F$5:$F$3004,A36,'Giao việc'!$R$5:$R$3004,"Có",'Giao việc'!$L$5:$L$3004,"*Đến hạn*")) | E36: =IF(A36="","",COUNTIFS('Giao việc'!$F$5:$F$3004,A36,'Giao việc'!$R$5:$R$3004,"Có",'Giao việc'!$I$5:$I$3004,"Xong")) | F36: =IF(A36="","",B36+E36) | G36: =IF(OR(A36="",N(F36)=0),"",E36/F36) | J36: =IF(G36="","",REPT("█",ROUND(G36*10,0))&REPT("░",10-ROUND(G36*10,0)))
A37: =IF('Cài đặt'!$D$18="","",'Cài đặt'!$D$18) | B37: =IF(A37="","",COUNTIFS('Giao việc'!$F$5:$F$3004,A37,'Giao việc'!$R$5:$R$3004,"Có",'Giao việc'!$I$5:$I$3004,"<>Xong",'Giao việc'!$I$5:$I$3004,"<>Bỏ qua")) | C37: =IF(A37="","",COUNTIFS('Giao việc'!$F$5:$F$3004,A37,'Giao việc'!$R$5:$R$3004,"Có",'Giao việc'!$L$5:$L$3004,"*QUÁ HẠN*")) | D37: =IF(A37="","",COUNTIFS('Giao việc'!$F$5:$F$3004,A37,'Giao việc'!$R$5:$R$3004,"Có",'Giao việc'!$L$5:$L$3004,"*Đến hạn*")) | E37: =IF(A37="","",COUNTIFS('Giao việc'!$F$5:$F$3004,A37,'Giao việc'!$R$5:$R$3004,"Có",'Giao việc'!$I$5:$I$3004,"Xong")) | F37: =IF(A37="","",B37+E37) | G37: =IF(OR(A37="",N(F37)=0),"",E37/F37) | J37: =IF(G37="","",REPT("█",ROUND(G37*10,0))&REPT("░",10-ROUND(G37*10,0)))
A38: =IF('Cài đặt'!$D$19="","",'Cài đặt'!$D$19) | B38: =IF(A38="","",COUNTIFS('Giao việc'!$F$5:$F$3004,A38,'Giao việc'!$R$5:$R$3004,"Có",'Giao việc'!$I$5:$I$3004,"<>Xong",'Giao việc'!$I$5:$I$3004,"<>Bỏ qua")) | C38: =IF(A38="","",COUNTIFS('Giao việc'!$F$5:$F$3004,A38,'Giao việc'!$R$5:$R$3004,"Có",'Giao việc'!$L$5:$L$3004,"*QUÁ HẠN*")) | D38: =IF(A38="","",COUNTIFS('Giao việc'!$F$5:$F$3004,A38,'Giao việc'!$R$5:$R$3004,"Có",'Giao việc'!$L$5:$L$3004,"*Đến hạn*")) | E38: =IF(A38="","",COUNTIFS('Giao việc'!$F$5:$F$3004,A38,'Giao việc'!$R$5:$R$3004,"Có",'Giao việc'!$I$5:$I$3004,"Xong")) | F38: =IF(A38="","",B38+E38) | G38: =IF(OR(A38="",N(F38)=0),"",E38/F38) | J38: =IF(G38="","",REPT("█",ROUND(G38*10,0))&REPT("░",10-ROUND(G38*10,0)))
A39: Chưa giao người | B39: =COUNTIFS('Giao việc'!$R$5:$R$3004,"Có",'Giao việc'!$L$5:$L$3004,"CHƯA GIAO*")
A41: VIỆC CẦN XỬ LÝ (hạn gần nhất, chưa xong)
A42: Việc | B42: Hạn | C42: Cảnh báo | D42: Người phụ trách | E42: Sự kiện | J42: Trạng thái
A43: =IF(IFERROR(MATCH(SMALL('Giao việc'!$Q$5:$Q$3004,1),'Giao việc'!$Q$5:$Q$3004,0),0)=0,"",INDEX('Giao việc'!$E$5:$E$3004,IFERROR(MATCH(SMALL('Giao việc'!$Q$5:$Q$3004,1),'Giao việc'!$Q$5:$Q$3004,0),0))&"") | B43: =IF(IFERROR(MATCH(SMALL('Giao việc'!$Q$5:$Q$3004,1),'Giao việc'!$Q$5:$Q$3004,0),0)=0,"",INDEX('Giao việc'!$H$5:$H$3004,IFERROR(MATCH(SMALL('Giao việc'!$Q$5:$Q$3004,1),'Giao việc'!$Q$5:$Q$3004,0),0))) | C43: =IF(IFERROR(MATCH(SMALL('Giao việc'!$Q$5:$Q$3004,1),'Giao việc'!$Q$5:$Q$3004,0),0)=0,"",INDEX('Giao việc'!$L$5:$L$3004,IFERROR(MATCH(SMALL('Giao việc'!$Q$5:$Q$3004,1),'Giao việc'!$Q$5:$Q$3004,0),0))&"") | D43: =IF(IFERROR(MATCH(SMALL('Giao việc'!$Q$5:$Q$3004,1),'Giao việc'!$Q$5:$Q$3004,0),0)=0,"",INDEX('Giao việc'!$F$5:$F$3004,IFERROR(MATCH(SMALL('Giao việc'!$Q$5:$Q$3004,1),'Giao việc'!$Q$5:$Q$3004,0),0))&"") | E43: =IF(IFERROR(MATCH(SMALL('Giao việc'!$Q$5:$Q$3004,1),'Giao việc'!$Q$5:$Q$3004,0),0)=0,"",INDEX('Giao việc'!$A$5:$A$3004,IFERROR(MATCH(SMALL('Giao việc'!$Q$5:$Q$3004,1),'Giao việc'!$Q$5:$Q$3004,0),0))&"") | J43: =IF(IFERROR(MATCH(SMALL('Giao việc'!$Q$5:$Q$3004,1),'Giao việc'!$Q$5:$Q$3004,0),0)=0,"",INDEX('Giao việc'!$I$5:$I$3004,IFERROR(MATCH(SMALL('Giao việc'!$Q$5:$Q$3004,1),'Giao việc'!$Q$5:$Q$3004,0),0))&"")
A44: =IF(IFERROR(MATCH(SMALL('Giao việc'!$Q$5:$Q$3004,2),'Giao việc'!$Q$5:$Q$3004,0),0)=0,"",INDEX('Giao việc'!$E$5:$E$3004,IFERROR(MATCH(SMALL('Giao việc'!$Q$5:$Q$3004,2),'Giao việc'!$Q$5:$Q$3004,0),0))&"") | B44: =IF(IFERROR(MATCH(SMALL('Giao việc'!$Q$5:$Q$3004,2),'Giao việc'!$Q$5:$Q$3004,0),0)=0,"",INDEX('Giao việc'!$H$5:$H$3004,IFERROR(MATCH(SMALL('Giao việc'!$Q$5:$Q$3004,2),'Giao việc'!$Q$5:$Q$3004,0),0))) | C44: =IF(IFERROR(MATCH(SMALL('Giao việc'!$Q$5:$Q$3004,2),'Giao việc'!$Q$5:$Q$3004,0),0)=0,"",INDEX('Giao việc'!$L$5:$L$3004,IFERROR(MATCH(SMALL('Giao việc'!$Q$5:$Q$3004,2),'Giao việc'!$Q$5:$Q$3004,0),0))&"") | D44: =IF(IFERROR(MATCH(SMALL('Giao việc'!$Q$5:$Q$3004,2),'Giao việc'!$Q$5:$Q$3004,0),0)=0,"",INDEX('Giao việc'!$F$5:$F$3004,IFERROR(MATCH(SMALL('Giao việc'!$Q$5:$Q$3004,2),'Giao việc'!$Q$5:$Q$3004,0),0))&"") | E44: =IF(IFERROR(MATCH(SMALL('Giao việc'!$Q$5:$Q$3004,2),'Giao việc'!$Q$5:$Q$3004,0),0)=0,"",INDEX('Giao việc'!$A$5:$A$3004,IFERROR(MATCH(SMALL('Giao việc'!$Q$5:$Q$3004,2),'Giao việc'!$Q$5:$Q$3004,0),0))&"") | J44: =IF(IFERROR(MATCH(SMALL('Giao việc'!$Q$5:$Q$3004,2),'Giao việc'!$Q$5:$Q$3004,0),0)=0,"",INDEX('Giao việc'!$I$5:$I$3004,IFERROR(MATCH(SMALL('Giao việc'!$Q$5:$Q$3004,2),'Giao việc'!$Q$5:$Q$3004,0),0))&"")
A45: =IF(IFERROR(MATCH(SMALL('Giao việc'!$Q$5:$Q$3004,3),'Giao việc'!$Q$5:$Q$3004,0),0)=0,"",INDEX('Giao việc'!$E$5:$E$3004,IFERROR(MATCH(SMALL('Giao việc'!$Q$5:$Q$3004,3),'Giao việc'!$Q$5:$Q$3004,0),0))&"") | B45: =IF(IFERROR(MATCH(SMALL('Giao việc'!$Q$5:$Q$3004,3),'Giao việc'!$Q$5:$Q$3004,0),0)=0,"",INDEX('Giao việc'!$H$5:$H$3004,IFERROR(MATCH(SMALL('Giao việc'!$Q$5:$Q$3004,3),'Giao việc'!$Q$5:$Q$3004,0),0))) | C45: =IF(IFERROR(MATCH(SMALL('Giao việc'!$Q$5:$Q$3004,3),'Giao việc'!$Q$5:$Q$3004,0),0)=0,"",INDEX('Giao việc'!$L$5:$L$3004,IFERROR(MATCH(SMALL('Giao việc'!$Q$5:$Q$3004,3),'Giao việc'!$Q$5:$Q$3004,0),0))&"") | D45: =IF(IFERROR(MATCH(SMALL('Giao việc'!$Q$5:$Q$3004,3),'Giao việc'!$Q$5:$Q$3004,0),0)=0,"",INDEX('Giao việc'!$F$5:$F$3004,IFERROR(MATCH(SMALL('Giao việc'!$Q$5:$Q$3004,3),'Giao việc'!$Q$5:$Q$3004,0),0))&"") | E45: =IF(IFERROR(MATCH(SMALL('Giao việc'!$Q$5:$Q$3004,3),'Giao việc'!$Q$5:$Q$3004,0),0)=0,"",INDEX('Giao việc'!$A$5:$A$3004,IFERROR(MATCH(SMALL('Giao việc'!$Q$5:$Q$3004,3),'Giao việc'!$Q$5:$Q$3004,0),0))&"") | J45: =IF(IFERROR(MATCH(SMALL('Giao việc'!$Q$5:$Q$3004,3),'Giao việc'!$Q$5:$Q$3004,0),0)=0,"",INDEX('Giao việc'!$I$5:$I$3004,IFERROR(MATCH(SMALL('Giao việc'!$Q$5:$Q$3004,3),'Giao việc'!$Q$5:$Q$3004,0),0))&"")
A46: =IF(IFERROR(MATCH(SMALL('Giao việc'!$Q$5:$Q$3004,4),'Giao việc'!$Q$5:$Q$3004,0),0)=0,"",INDEX('Giao việc'!$E$5:$E$3004,IFERROR(MATCH(SMALL('Giao việc'!$Q$5:$Q$3004,4),'Giao việc'!$Q$5:$Q$3004,0),0))&"") | B46: =IF(IFERROR(MATCH(SMALL('Giao việc'!$Q$5:$Q$3004,4),'Giao việc'!$Q$5:$Q$3004,0),0)=0,"",INDEX('Giao việc'!$H$5:$H$3004,IFERROR(MATCH(SMALL('Giao việc'!$Q$5:$Q$3004,4),'Giao việc'!$Q$5:$Q$3004,0),0))) | C46: =IF(IFERROR(MATCH(SMALL('Giao việc'!$Q$5:$Q$3004,4),'Giao việc'!$Q$5:$Q$3004,0),0)=0,"",INDEX('Giao việc'!$L$5:$L$3004,IFERROR(MATCH(SMALL('Giao việc'!$Q$5:$Q$3004,4),'Giao việc'!$Q$5:$Q$3004,0),0))&"") | D46: =IF(IFERROR(MATCH(SMALL('Giao việc'!$Q$5:$Q$3004,4),'Giao việc'!$Q$5:$Q$3004,0),0)=0,"",INDEX('Giao việc'!$F$5:$F$3004,IFERROR(MATCH(SMALL('Giao việc'!$Q$5:$Q$3004,4),'Giao việc'!$Q$5:$Q$3004,0),0))&"") | E46: =IF(IFERROR(MATCH(SMALL('Giao việc'!$Q$5:$Q$3004,4),'Giao việc'!$Q$5:$Q$3004,0),0)=0,"",INDEX('Giao việc'!$A$5:$A$3004,IFERROR(MATCH(SMALL('Giao việc'!$Q$5:$Q$3004,4),'Giao việc'!$Q$5:$Q$3004,0),0))&"") | J46: =IF(IFERROR(MATCH(SMALL('Giao việc'!$Q$5:$Q$3004,4),'Giao việc'!$Q$5:$Q$3004,0),0)=0,"",INDEX('Giao việc'!$I$5:$I$3004,IFERROR(MATCH(SMALL('Giao việc'!$Q$5:$Q$3004,4),'Giao việc'!$Q$5:$Q$3004,0),0))&"")
A47: =IF(IFERROR(MATCH(SMALL('Giao việc'!$Q$5:$Q$3004,5),'Giao việc'!$Q$5:$Q$3004,0),0)=0,"",INDEX('Giao việc'!$E$5:$E$3004,IFERROR(MATCH(SMALL('Giao việc'!$Q$5:$Q$3004,5),'Giao việc'!$Q$5:$Q$3004,0),0))&"") | B47: =IF(IFERROR(MATCH(SMALL('Giao việc'!$Q$5:$Q$3004,5),'Giao việc'!$Q$5:$Q$3004,0),0)=0,"",INDEX('Giao việc'!$H$5:$H$3004,IFERROR(MATCH(SMALL('Giao việc'!$Q$5:$Q$3004,5),'Giao việc'!$Q$5:$Q$3004,0),0))) | C47: =IF(IFERROR(MATCH(SMALL('Giao việc'!$Q$5:$Q$3004,5),'Giao việc'!$Q$5:$Q$3004,0),0)=0,"",INDEX('Giao việc'!$L$5:$L$3004,IFERROR(MATCH(SMALL('Giao việc'!$Q$5:$Q$3004,5),'Giao việc'!$Q$5:$Q$3004,0),0))&"") | D47: =IF(IFERROR(MATCH(SMALL('Giao việc'!$Q$5:$Q$3004,5),'Giao việc'!$Q$5:$Q$3004,0),0)=0,"",INDEX('Giao việc'!$F$5:$F$3004,IFERROR(MATCH(SMALL('Giao việc'!$Q$5:$Q$3004,5),'Giao việc'!$Q$5:$Q$3004,0),0))&"") | E47: =IF(IFERROR(MATCH(SMALL('Giao việc'!$Q$5:$Q$3004,5),'Giao việc'!$Q$5:$Q$3004,0),0)=0,"",INDEX('Giao việc'!$A$5:$A$3004,IFERROR(MATCH(SMALL('Giao việc'!$Q$5:$Q$3004,5),'Giao việc'!$Q$5:$Q$3004,0),0))&"") | J47: =IF(IFERROR(MATCH(SMALL('Giao việc'!$Q$5:$Q$3004,5),'Giao việc'!$Q$5:$Q$3004,0),0)=0,"",INDEX('Giao việc'!$I$5:$I$3004,IFERROR(MATCH(SMALL('Giao việc'!$Q$5:$Q$3004,5),'Giao việc'!$Q$5:$Q$3004,0),0))&"")
A48: =IF(IFERROR(MATCH(SMALL('Giao việc'!$Q$5:$Q$3004,6),'Giao việc'!$Q$5:$Q$3004,0),0)=0,"",INDEX('Giao việc'!$E$5:$E$3004,IFERROR(MATCH(SMALL('Giao việc'!$Q$5:$Q$3004,6),'Giao việc'!$Q$5:$Q$3004,0),0))&"") | B48: =IF(IFERROR(MATCH(SMALL('Giao việc'!$Q$5:$Q$3004,6),'Giao việc'!$Q$5:$Q$3004,0),0)=0,"",INDEX('Giao việc'!$H$5:$H$3004,IFERROR(MATCH(SMALL('Giao việc'!$Q$5:$Q$3004,6),'Giao việc'!$Q$5:$Q$3004,0),0))) | C48: =IF(IFERROR(MATCH(SMALL('Giao việc'!$Q$5:$Q$3004,6),'Giao việc'!$Q$5:$Q$3004,0),0)=0,"",INDEX('Giao việc'!$L$5:$L$3004,IFERROR(MATCH(SMALL('Giao việc'!$Q$5:$Q$3004,6),'Giao việc'!$Q$5:$Q$3004,0),0))&"") | D48: =IF(IFERROR(MATCH(SMALL('Giao việc'!$Q$5:$Q$3004,6),'Giao việc'!$Q$5:$Q$3004,0),0)=0,"",INDEX('Giao việc'!$F$5:$F$3004,IFERROR(MATCH(SMALL('Giao việc'!$Q$5:$Q$3004,6),'Giao việc'!$Q$5:$Q$3004,0),0))&"") | E48: =IF(IFERROR(MATCH(SMALL('Giao việc'!$Q$5:$Q$3004,6),'Giao việc'!$Q$5:$Q$3004,0),0)=0,"",INDEX('Giao việc'!$A$5:$A$3004,IFERROR(MATCH(SMALL('Giao việc'!$Q$5:$Q$3004,6),'Giao việc'!$Q$5:$Q$3004,0),0))&"") | J48: =IF(IFERROR(MATCH(SMALL('Giao việc'!$Q$5:$Q$3004,6),'Giao việc'!$Q$5:$Q$3004,0),0)=0,"",INDEX('Giao việc'!$I$5:$I$3004,IFERROR(MATCH(SMALL('Giao việc'!$Q$5:$Q$3004,6),'Giao việc'!$Q$5:$Q$3004,0),0))&"")
A49: =IF(IFERROR(MATCH(SMALL('Giao việc'!$Q$5:$Q$3004,7),'Giao việc'!$Q$5:$Q$3004,0),0)=0,"",INDEX('Giao việc'!$E$5:$E$3004,IFERROR(MATCH(SMALL('Giao việc'!$Q$5:$Q$3004,7),'Giao việc'!$Q$5:$Q$3004,0),0))&"") | B49: =IF(IFERROR(MATCH(SMALL('Giao việc'!$Q$5:$Q$3004,7),'Giao việc'!$Q$5:$Q$3004,0),0)=0,"",INDEX('Giao việc'!$H$5:$H$3004,IFERROR(MATCH(SMALL('Giao việc'!$Q$5:$Q$3004,7),'Giao việc'!$Q$5:$Q$3004,0),0))) | C49: =IF(IFERROR(MATCH(SMALL('Giao việc'!$Q$5:$Q$3004,7),'Giao việc'!$Q$5:$Q$3004,0),0)=0,"",INDEX('Giao việc'!$L$5:$L$3004,IFERROR(MATCH(SMALL('Giao việc'!$Q$5:$Q$3004,7),'Giao việc'!$Q$5:$Q$3004,0),0))&"") | D49: =IF(IFERROR(MATCH(SMALL('Giao việc'!$Q$5:$Q$3004,7),'Giao việc'!$Q$5:$Q$3004,0),0)=0,"",INDEX('Giao việc'!$F$5:$F$3004,IFERROR(MATCH(SMALL('Giao việc'!$Q$5:$Q$3004,7),'Giao việc'!$Q$5:$Q$3004,0),0))&"") | E49: =IF(IFERROR(MATCH(SMALL('Giao việc'!$Q$5:$Q$3004,7),'Giao việc'!$Q$5:$Q$3004,0),0)=0,"",INDEX('Giao việc'!$A$5:$A$3004,IFERROR(MATCH(SMALL('Giao việc'!$Q$5:$Q$3004,7),'Giao việc'!$Q$5:$Q$3004,0),0))&"") | J49: =IF(IFERROR(MATCH(SMALL('Giao việc'!$Q$5:$Q$3004,7),'Giao việc'!$Q$5:$Q$3004,0),0)=0,"",INDEX('Giao việc'!$I$5:$I$3004,IFERROR(MATCH(SMALL('Giao việc'!$Q$5:$Q$3004,7),'Giao việc'!$Q$5:$Q$3004,0),0))&"")
A50: =IF(IFERROR(MATCH(SMALL('Giao việc'!$Q$5:$Q$3004,8),'Giao việc'!$Q$5:$Q$3004,0),0)=0,"",INDEX('Giao việc'!$E$5:$E$3004,IFERROR(MATCH(SMALL('Giao việc'!$Q$5:$Q$3004,8),'Giao việc'!$Q$5:$Q$3004,0),0))&"") | B50: =IF(IFERROR(MATCH(SMALL('Giao việc'!$Q$5:$Q$3004,8),'Giao việc'!$Q$5:$Q$3004,0),0)=0,"",INDEX('Giao việc'!$H$5:$H$3004,IFERROR(MATCH(SMALL('Giao việc'!$Q$5:$Q$3004,8),'Giao việc'!$Q$5:$Q$3004,0),0))) | C50: =IF(IFERROR(MATCH(SMALL('Giao việc'!$Q$5:$Q$3004,8),'Giao việc'!$Q$5:$Q$3004,0),0)=0,"",INDEX('Giao việc'!$L$5:$L$3004,IFERROR(MATCH(SMALL('Giao việc'!$Q$5:$Q$3004,8),'Giao việc'!$Q$5:$Q$3004,0),0))&"") | D50: =IF(IFERROR(MATCH(SMALL('Giao việc'!$Q$5:$Q$3004,8),'Giao việc'!$Q$5:$Q$3004,0),0)=0,"",INDEX('Giao việc'!$F$5:$F$3004,IFERROR(MATCH(SMALL('Giao việc'!$Q$5:$Q$3004,8),'Giao việc'!$Q$5:$Q$3004,0),0))&"") | E50: =IF(IFERROR(MATCH(SMALL('Giao việc'!$Q$5:$Q$3004,8),'Giao việc'!$Q$5:$Q$3004,0),0)=0,"",INDEX('Giao việc'!$A$5:$A$3004,IFERROR(MATCH(SMALL('Giao việc'!$Q$5:$Q$3004,8),'Giao việc'!$Q$5:$Q$3004,0),0))&"") | J50: =IF(IFERROR(MATCH(SMALL('Giao việc'!$Q$5:$Q$3004,8),'Giao việc'!$Q$5:$Q$3004,0),0)=0,"",INDEX('Giao việc'!$I$5:$I$3004,IFERROR(MATCH(SMALL('Giao việc'!$Q$5:$Q$3004,8),'Giao việc'!$Q$5:$Q$3004,0),0))&"")
A51: =IF(IFERROR(MATCH(SMALL('Giao việc'!$Q$5:$Q$3004,9),'Giao việc'!$Q$5:$Q$3004,0),0)=0,"",INDEX('Giao việc'!$E$5:$E$3004,IFERROR(MATCH(SMALL('Giao việc'!$Q$5:$Q$3004,9),'Giao việc'!$Q$5:$Q$3004,0),0))&"") | B51: =IF(IFERROR(MATCH(SMALL('Giao việc'!$Q$5:$Q$3004,9),'Giao việc'!$Q$5:$Q$3004,0),0)=0,"",INDEX('Giao việc'!$H$5:$H$3004,IFERROR(MATCH(SMALL('Giao việc'!$Q$5:$Q$3004,9),'Giao việc'!$Q$5:$Q$3004,0),0))) | C51: =IF(IFERROR(MATCH(SMALL('Giao việc'!$Q$5:$Q$3004,9),'Giao việc'!$Q$5:$Q$3004,0),0)=0,"",INDEX('Giao việc'!$L$5:$L$3004,IFERROR(MATCH(SMALL('Giao việc'!$Q$5:$Q$3004,9),'Giao việc'!$Q$5:$Q$3004,0),0))&"") | D51: =IF(IFERROR(MATCH(SMALL('Giao việc'!$Q$5:$Q$3004,9),'Giao việc'!$Q$5:$Q$3004,0),0)=0,"",INDEX('Giao việc'!$F$5:$F$3004,IFERROR(MATCH(SMALL('Giao việc'!$Q$5:$Q$3004,9),'Giao việc'!$Q$5:$Q$3004,0),0))&"") | E51: =IF(IFERROR(MATCH(SMALL('Giao việc'!$Q$5:$Q$3004,9),'Giao việc'!$Q$5:$Q$3004,0),0)=0,"",INDEX('Giao việc'!$A$5:$A$3004,IFERROR(MATCH(SMALL('Giao việc'!$Q$5:$Q$3004,9),'Giao việc'!$Q$5:$Q$3004,0),0))&"") | J51: =IF(IFERROR(MATCH(SMALL('Giao việc'!$Q$5:$Q$3004,9),'Giao việc'!$Q$5:$Q$3004,0),0)=0,"",INDEX('Giao việc'!$I$5:$I$3004,IFERROR(MATCH(SMALL('Giao việc'!$Q$5:$Q$3004,9),'Giao việc'!$Q$5:$Q$3004,0),0))&"")
A52: =IF(IFERROR(MATCH(SMALL('Giao việc'!$Q$5:$Q$3004,10),'Giao việc'!$Q$5:$Q$3004,0),0)=0,"",INDEX('Giao việc'!$E$5:$E$3004,IFERROR(MATCH(SMALL('Giao việc'!$Q$5:$Q$3004,10),'Giao việc'!$Q$5:$Q$3004,0),0))&"") | B52: =IF(IFERROR(MATCH(SMALL('Giao việc'!$Q$5:$Q$3004,10),'Giao việc'!$Q$5:$Q$3004,0),0)=0,"",INDEX('Giao việc'!$H$5:$H$3004,IFERROR(MATCH(SMALL('Giao việc'!$Q$5:$Q$3004,10),'Giao việc'!$Q$5:$Q$3004,0),0))) | C52: =IF(IFERROR(MATCH(SMALL('Giao việc'!$Q$5:$Q$3004,10),'Giao việc'!$Q$5:$Q$3004,0),0)=0,"",INDEX('Giao việc'!$L$5:$L$3004,IFERROR(MATCH(SMALL('Giao việc'!$Q$5:$Q$3004,10),'Giao việc'!$Q$5:$Q$3004,0),0))&"") | D52: =IF(IFERROR(MATCH(SMALL('Giao việc'!$Q$5:$Q$3004,10),'Giao việc'!$Q$5:$Q$3004,0),0)=0,"",INDEX('Giao việc'!$F$5:$F$3004,IFERROR(MATCH(SMALL('Giao việc'!$Q$5:$Q$3004,10),'Giao việc'!$Q$5:$Q$3004,0),0))&"") | E52: =IF(IFERROR(MATCH(SMALL('Giao việc'!$Q$5:$Q$3004,10),'Giao việc'!$Q$5:$Q$3004,0),0)=0,"",INDEX('Giao việc'!$A$5:$A$3004,IFERROR(MATCH(SMALL('Giao việc'!$Q$5:$Q$3004,10),'Giao việc'!$Q$5:$Q$3004,0),0))&"") | J52: =IF(IFERROR(MATCH(SMALL('Giao việc'!$Q$5:$Q$3004,10),'Giao việc'!$Q$5:$Q$3004,0),0)=0,"",INDEX('Giao việc'!$I$5:$I$3004,IFERROR(MATCH(SMALL('Giao việc'!$Q$5:$Q$3004,10),'Giao việc'!$Q$5:$Q$3004,0),0))&"")
A53: =IF(IFERROR(MATCH(SMALL('Giao việc'!$Q$5:$Q$3004,11),'Giao việc'!$Q$5:$Q$3004,0),0)=0,"",INDEX('Giao việc'!$E$5:$E$3004,IFERROR(MATCH(SMALL('Giao việc'!$Q$5:$Q$3004,11),'Giao việc'!$Q$5:$Q$3004,0),0))&"") | B53: =IF(IFERROR(MATCH(SMALL('Giao việc'!$Q$5:$Q$3004,11),'Giao việc'!$Q$5:$Q$3004,0),0)=0,"",INDEX('Giao việc'!$H$5:$H$3004,IFERROR(MATCH(SMALL('Giao việc'!$Q$5:$Q$3004,11),'Giao việc'!$Q$5:$Q$3004,0),0))) | C53: =IF(IFERROR(MATCH(SMALL('Giao việc'!$Q$5:$Q$3004,11),'Giao việc'!$Q$5:$Q$3004,0),0)=0,"",INDEX('Giao việc'!$L$5:$L$3004,IFERROR(MATCH(SMALL('Giao việc'!$Q$5:$Q$3004,11),'Giao việc'!$Q$5:$Q$3004,0),0))&"") | D53: =IF(IFERROR(MATCH(SMALL('Giao việc'!$Q$5:$Q$3004,11),'Giao việc'!$Q$5:$Q$3004,0),0)=0,"",INDEX('Giao việc'!$F$5:$F$3004,IFERROR(MATCH(SMALL('Giao việc'!$Q$5:$Q$3004,11),'Giao việc'!$Q$5:$Q$3004,0),0))&"") | E53: =IF(IFERROR(MATCH(SMALL('Giao việc'!$Q$5:$Q$3004,11),'Giao việc'!$Q$5:$Q$3004,0),0)=0,"",INDEX('Giao việc'!$A$5:$A$3004,IFERROR(MATCH(SMALL('Giao việc'!$Q$5:$Q$3004,11),'Giao việc'!$Q$5:$Q$3004,0),0))&"") | J53: =IF(IFERROR(MATCH(SMALL('Giao việc'!$Q$5:$Q$3004,11),'Giao việc'!$Q$5:$Q$3004,0),0)=0,"",INDEX('Giao việc'!$I$5:$I$3004,IFERROR(MATCH(SMALL('Giao việc'!$Q$5:$Q$3004,11),'Giao việc'!$Q$5:$Q$3004,0),0))&"")
A54: =IF(IFERROR(MATCH(SMALL('Giao việc'!$Q$5:$Q$3004,12),'Giao việc'!$Q$5:$Q$3004,0),0)=0,"",INDEX('Giao việc'!$E$5:$E$3004,IFERROR(MATCH(SMALL('Giao việc'!$Q$5:$Q$3004,12),'Giao việc'!$Q$5:$Q$3004,0),0))&"") | B54: =IF(IFERROR(MATCH(SMALL('Giao việc'!$Q$5:$Q$3004,12),'Giao việc'!$Q$5:$Q$3004,0),0)=0,"",INDEX('Giao việc'!$H$5:$H$3004,IFERROR(MATCH(SMALL('Giao việc'!$Q$5:$Q$3004,12),'Giao việc'!$Q$5:$Q$3004,0),0))) | C54: =IF(IFERROR(MATCH(SMALL('Giao việc'!$Q$5:$Q$3004,12),'Giao việc'!$Q$5:$Q$3004,0),0)=0,"",INDEX('Giao việc'!$L$5:$L$3004,IFERROR(MATCH(SMALL('Giao việc'!$Q$5:$Q$3004,12),'Giao việc'!$Q$5:$Q$3004,0),0))&"") | D54: =IF(IFERROR(MATCH(SMALL('Giao việc'!$Q$5:$Q$3004,12),'Giao việc'!$Q$5:$Q$3004,0),0)=0,"",INDEX('Giao việc'!$F$5:$F$3004,IFERROR(MATCH(SMALL('Giao việc'!$Q$5:$Q$3004,12),'Giao việc'!$Q$5:$Q$3004,0),0))&"") | E54: =IF(IFERROR(MATCH(SMALL('Giao việc'!$Q$5:$Q$3004,12),'Giao việc'!$Q$5:$Q$3004,0),0)=0,"",INDEX('Giao việc'!$A$5:$A$3004,IFERROR(MATCH(SMALL('Giao việc'!$Q$5:$Q$3004,12),'Giao việc'!$Q$5:$Q$3004,0),0))&"") | J54: =IF(IFERROR(MATCH(SMALL('Giao việc'!$Q$5:$Q$3004,12),'Giao việc'!$Q$5:$Q$3004,0),0)=0,"",INDEX('Giao việc'!$I$5:$I$3004,IFERROR(MATCH(SMALL('Giao việc'!$Q$5:$Q$3004,12),'Giao việc'!$Q$5:$Q$3004,0),0))&"")
A55: =IF(IFERROR(MATCH(SMALL('Giao việc'!$Q$5:$Q$3004,13),'Giao việc'!$Q$5:$Q$3004,0),0)=0,"",INDEX('Giao việc'!$E$5:$E$3004,IFERROR(MATCH(SMALL('Giao việc'!$Q$5:$Q$3004,13),'Giao việc'!$Q$5:$Q$3004,0),0))&"") | B55: =IF(IFERROR(MATCH(SMALL('Giao việc'!$Q$5:$Q$3004,13),'Giao việc'!$Q$5:$Q$3004,0),0)=0,"",INDEX('Giao việc'!$H$5:$H$3004,IFERROR(MATCH(SMALL('Giao việc'!$Q$5:$Q$3004,13),'Giao việc'!$Q$5:$Q$3004,0),0))) | C55: =IF(IFERROR(MATCH(SMALL('Giao việc'!$Q$5:$Q$3004,13),'Giao việc'!$Q$5:$Q$3004,0),0)=0,"",INDEX('Giao việc'!$L$5:$L$3004,IFERROR(MATCH(SMALL('Giao việc'!$Q$5:$Q$3004,13),'Giao việc'!$Q$5:$Q$3004,0),0))&"") | D55: =IF(IFERROR(MATCH(SMALL('Giao việc'!$Q$5:$Q$3004,13),'Giao việc'!$Q$5:$Q$3004,0),0)=0,"",INDEX('Giao việc'!$F$5:$F$3004,IFERROR(MATCH(SMALL('Giao việc'!$Q$5:$Q$3004,13),'Giao việc'!$Q$5:$Q$3004,0),0))&"") | E55: =IF(IFERROR(MATCH(SMALL('Giao việc'!$Q$5:$Q$3004,13),'Giao việc'!$Q$5:$Q$3004,0),0)=0,"",INDEX('Giao việc'!$A$5:$A$3004,IFERROR(MATCH(SMALL('Giao việc'!$Q$5:$Q$3004,13),'Giao việc'!$Q$5:$Q$3004,0),0))&"") | J55: =IF(IFERROR(MATCH(SMALL('Giao việc'!$Q$5:$Q$3004,13),'Giao việc'!$Q$5:$Q$3004,0),0)=0,"",INDEX('Giao việc'!$I$5:$I$3004,IFERROR(MATCH(SMALL('Giao việc'!$Q$5:$Q$3004,13),'Giao việc'!$Q$5:$Q$3004,0),0))&"")
A56: =IF(IFERROR(MATCH(SMALL('Giao việc'!$Q$5:$Q$3004,14),'Giao việc'!$Q$5:$Q$3004,0),0)=0,"",INDEX('Giao việc'!$E$5:$E$3004,IFERROR(MATCH(SMALL('Giao việc'!$Q$5:$Q$3004,14),'Giao việc'!$Q$5:$Q$3004,0),0))&"") | B56: =IF(IFERROR(MATCH(SMALL('Giao việc'!$Q$5:$Q$3004,14),'Giao việc'!$Q$5:$Q$3004,0),0)=0,"",INDEX('Giao việc'!$H$5:$H$3004,IFERROR(MATCH(SMALL('Giao việc'!$Q$5:$Q$3004,14),'Giao việc'!$Q$5:$Q$3004,0),0))) | C56: =IF(IFERROR(MATCH(SMALL('Giao việc'!$Q$5:$Q$3004,14),'Giao việc'!$Q$5:$Q$3004,0),0)=0,"",INDEX('Giao việc'!$L$5:$L$3004,IFERROR(MATCH(SMALL('Giao việc'!$Q$5:$Q$3004,14),'Giao việc'!$Q$5:$Q$3004,0),0))&"") | D56: =IF(IFERROR(MATCH(SMALL('Giao việc'!$Q$5:$Q$3004,14),'Giao việc'!$Q$5:$Q$3004,0),0)=0,"",INDEX('Giao việc'!$F$5:$F$3004,IFERROR(MATCH(SMALL('Giao việc'!$Q$5:$Q$3004,14),'Giao việc'!$Q$5:$Q$3004,0),0))&"") | E56: =IF(IFERROR(MATCH(SMALL('Giao việc'!$Q$5:$Q$3004,14),'Giao việc'!$Q$5:$Q$3004,0),0)=0,"",INDEX('Giao việc'!$A$5:$A$3004,IFERROR(MATCH(SMALL('Giao việc'!$Q$5:$Q$3004,14),'Giao việc'!$Q$5:$Q$3004,0),0))&"") | J56: =IF(IFERROR(MATCH(SMALL('Giao việc'!$Q$5:$Q$3004,14),'Giao việc'!$Q$5:$Q$3004,0),0)=0,"",INDEX('Giao việc'!$I$5:$I$3004,IFERROR(MATCH(SMALL('Giao việc'!$Q$5:$Q$3004,14),'Giao việc'!$Q$5:$Q$3004,0),0))&"")
A57: =IF(IFERROR(MATCH(SMALL('Giao việc'!$Q$5:$Q$3004,15),'Giao việc'!$Q$5:$Q$3004,0),0)=0,"",INDEX('Giao việc'!$E$5:$E$3004,IFERROR(MATCH(SMALL('Giao việc'!$Q$5:$Q$3004,15),'Giao việc'!$Q$5:$Q$3004,0),0))&"") | B57: =IF(IFERROR(MATCH(SMALL('Giao việc'!$Q$5:$Q$3004,15),'Giao việc'!$Q$5:$Q$3004,0),0)=0,"",INDEX('Giao việc'!$H$5:$H$3004,IFERROR(MATCH(SMALL('Giao việc'!$Q$5:$Q$3004,15),'Giao việc'!$Q$5:$Q$3004,0),0))) | C57: =IF(IFERROR(MATCH(SMALL('Giao việc'!$Q$5:$Q$3004,15),'Giao việc'!$Q$5:$Q$3004,0),0)=0,"",INDEX('Giao việc'!$L$5:$L$3004,IFERROR(MATCH(SMALL('Giao việc'!$Q$5:$Q$3004,15),'Giao việc'!$Q$5:$Q$3004,0),0))&"") | D57: =IF(IFERROR(MATCH(SMALL('Giao việc'!$Q$5:$Q$3004,15),'Giao việc'!$Q$5:$Q$3004,0),0)=0,"",INDEX('Giao việc'!$F$5:$F$3004,IFERROR(MATCH(SMALL('Giao việc'!$Q$5:$Q$3004,15),'Giao việc'!$Q$5:$Q$3004,0),0))&"") | E57: =IF(IFERROR(MATCH(SMALL('Giao việc'!$Q$5:$Q$3004,15),'Giao việc'!$Q$5:$Q$3004,0),0)=0,"",INDEX('Giao việc'!$A$5:$A$3004,IFERROR(MATCH(SMALL('Giao việc'!$Q$5:$Q$3004,15),'Giao việc'!$Q$5:$Q$3004,0),0))&"") | J57: =IF(IFERROR(MATCH(SMALL('Giao việc'!$Q$5:$Q$3004,15),'Giao việc'!$Q$5:$Q$3004,0),0)=0,"",INDEX('Giao việc'!$I$5:$I$3004,IFERROR(MATCH(SMALL('Giao việc'!$Q$5:$Q$3004,15),'Giao việc'!$Q$5:$Q$3004,0),0))&"")

Sheet Giao việc
A1: GIAO VIỆC & THEO DÕI
A2: Mọi việc của mọi sự kiện. OWNER chọn Người phụ trách (cột F, có thể đổi Hạn ở cột H). NGƯỜI PHỤ TRÁCH cập nhật Trạng thái · Ngày xong · Ghi chú. Lọc cột F để xem việc của mình.
A4: Sự kiện | B4: Ngày D | C4: Mốc | D4: Hạng mục | E4: Việc cần làm | F4: Người phụ trách | G4: Phối hợp | H4: Hạn | I4: Trạng thái | J4: Ngày xong | K4: Ghi chú / link | L4: Cảnh báo | M4: _sk | N4: _ma | O4: _n | P4: _t | Q4: _sort | R4: _td
A5: =IF(M5="","",IFERROR(INDEX(SK_B,MATCH(M5,SK_A,0))&"","")) | B5: =IF(M5="","",IFERROR(INDEX(SK_C,MATCH(M5,SK_A,0)),"")) | C5: =IF(O5="","",IF(O5=0,"D",IF(O5<0,"D"&O5,"D+"&O5))) | D5: 1. Kế hoạch | E5: Lập kế hoạch tổng quan (KOL, số khách, mục đích, KPI bán hàng, khuyến mại, khảo sát) + xin Giám đốc duyệt ngân sách | F5: Leader MKT (ví dụ) | G5: Sales, NPP | H5: =IF(OR(B5="",O5=""),"",IF(O5>0,IF(P5="Làm việc",WORKDAY(IFERROR(IF(INDEX(SK_D,MATCH(M5,SK_A,0))="",B5,INDEX(SK_D,MATCH(M5,SK_A,0))),B5),O5,HOLI),IFERROR(IF(INDEX(SK_D,MATCH(M5,SK_A,0))="",B5,INDEX(SK_D,MATCH(M5,SK_A,0))),B5)+O5),B5+O5)) | I5: Xong | J5: 46282 | L5: =IF(E5="","",IF(I5="Bỏ qua","—",IF(I5="Xong",IF(AND(ISNUMBER(J5),ISNUMBER(H5),J5>H5),"Xong trễ","Xong"),IF(F5="","CHƯA GIAO","")&IF(NOT(ISNUMBER(H5)),"",IF(TODAY()>H5,IF(F5=""," · ","")&"QUÁ HẠN "&(TODAY()-H5)&" ngày",IF(H5-TODAY()<=3,IF(F5=""," · ","")&"Đến hạn "&IF(H5=TODAY(),"hôm nay","trong "&(H5-TODAY())&" ngày"),"")))))) | M5: VD-1 | N5: K01 | O5: -30 | P5: Lịch | Q5: =IF(AND(E5<>"",R5="Có",I5<>"Xong",I5<>"Bỏ qua",ISNUMBER(H5)),H5+ROW()/100000,"") | R5: =IF(M5="","",IFERROR(INDEX(SK_L,MATCH(M5,SK_A,0)),""))
A6: =IF(M6="","",IFERROR(INDEX(SK_B,MATCH(M6,SK_A,0))&"","")) | B6: =IF(M6="","",IFERROR(INDEX(SK_C,MATCH(M6,SK_A,0)),"")) | C6: =IF(O6="","",IF(O6=0,"D",IF(O6<0,"D"&O6,"D+"&O6))) | D6: 1. Kế hoạch | E6: Chia việc với NPP, Trường / Viện (tuyển sinh, đồ thực hành, MC, số bàn trưng bày) | F6: Leader MKT (ví dụ) | G6: NPP, Viện | H6: =IF(OR(B6="",O6=""),"",IF(O6>0,IF(P6="Làm việc",WORKDAY(IFERROR(IF(INDEX(SK_D,MATCH(M6,SK_A,0))="",B6,INDEX(SK_D,MATCH(M6,SK_A,0))),B6),O6,HOLI),IFERROR(IF(INDEX(SK_D,MATCH(M6,SK_A,0))="",B6,INDEX(SK_D,MATCH(M6,SK_A,0))),B6)+O6),B6+O6)) | I6: Xong | J6: 46281 | L6: =IF(E6="","",IF(I6="Bỏ qua","—",IF(I6="Xong",IF(AND(ISNUMBER(J6),ISNUMBER(H6),J6>H6),"Xong trễ","Xong"),IF(F6="","CHƯA GIAO","")&IF(NOT(ISNUMBER(H6)),"",IF(TODAY()>H6,IF(F6=""," · ","")&"QUÁ HẠN "&(TODAY()-H6)&" ngày",IF(H6-TODAY()<=3,IF(F6=""," · ","")&"Đến hạn "&IF(H6=TODAY(),"hôm nay","trong "&(H6-TODAY())&" ngày"),"")))))) | M6: VD-1 | N6: K02 | O6: -30 | P6: Lịch | Q6: =IF(AND(E6<>"",R6="Có",I6<>"Xong",I6<>"Bỏ qua",ISNUMBER(H6)),H6+ROW()/100000,"") | R6: =IF(M6="","",IFERROR(INDEX(SK_L,MATCH(M6,SK_A,0)),""))
A7: =IF(M7="","",IFERROR(INDEX(SK_B,MATCH(M7,SK_A,0))&"","")) | B7: =IF(M7="","",IFERROR(INDEX(SK_C,MATCH(M7,SK_A,0)),"")) | C7: =IF(O7="","",IF(O7=0,"D",IF(O7<0,"D"&O7,"D+"&O7))) | D7: 2. KOL & đối tác | E7: Chốt KOL: hợp đồng, lịch di chuyển, xem trước bài giảng, người chăm sóc KOL | F7: Leader MKT (ví dụ) | G7: KOL | H7: =IF(OR(B7="",O7=""),"",IF(O7>0,IF(P7="Làm việc",WORKDAY(IFERROR(IF(INDEX(SK_D,MATCH(M7,SK_A,0))="",B7,INDEX(SK_D,MATCH(M7,SK_A,0))),B7),O7,HOLI),IFERROR(IF(INDEX(SK_D,MATCH(M7,SK_A,0))="",B7,INDEX(SK_D,MATCH(M7,SK_A,0))),B7)+O7),B7+O7)) | I7: Xong | J7: 46283 | L7: =IF(E7="","",IF(I7="Bỏ qua","—",IF(I7="Xong",IF(AND(ISNUMBER(J7),ISNUMBER(H7),J7>H7),"Xong trễ","Xong"),IF(F7="","CHƯA GIAO","")&IF(NOT(ISNUMBER(H7)),"",IF(TODAY()>H7,IF(F7=""," · ","")&"QUÁ HẠN "&(TODAY()-H7)&" ngày",IF(H7-TODAY()<=3,IF(F7=""," · ","")&"Đến hạn "&IF(H7=TODAY(),"hôm nay","trong "&(H7-TODAY())&" ngày"),"")))))) | M7: VD-1 | N7: K03 | O7: -30 | P7: Lịch | Q7: =IF(AND(E7<>"",R7="Có",I7<>"Xong",I7<>"Bỏ qua",ISNUMBER(H7)),H7+ROW()/100000,"") | R7: =IF(M7="","",IFERROR(INDEX(SK_L,MATCH(M7,SK_A,0)),""))
A8: =IF(M8="","",IFERROR(INDEX(SK_B,MATCH(M8,SK_A,0))&"","")) | B8: =IF(M8="","",IFERROR(INDEX(SK_C,MATCH(M8,SK_A,0)),"")) | C8: =IF(O8="","",IF(O8=0,"D",IF(O8<0,"D"&O8,"D+"&O8))) | D8: 3. Tuyển sinh | E8: Mở tuyển sinh: form đăng ký (khảo sát trước, đồng ý dữ liệu, nguồn đăng ký) + nhóm Zalo khách | F8: Digital (ví dụ) | G8: Sales, NPP | H8: =IF(OR(B8="",O8=""),"",IF(O8>0,IF(P8="Làm việc",WORKDAY(IFERROR(IF(INDEX(SK_D,MATCH(M8,SK_A,0))="",B8,INDEX(SK_D,MATCH(M8,SK_A,0))),B8),O8,HOLI),IFERROR(IF(INDEX(SK_D,MATCH(M8,SK_A,0))="",B8,INDEX(SK_D,MATCH(M8,SK_A,0))),B8)+O8),B8+O8)) | I8: Xong | J8: 46280 | L8: =IF(E8="","",IF(I8="Bỏ qua","—",IF(I8="Xong",IF(AND(ISNUMBER(J8),ISNUMBER(H8),J8>H8),"Xong trễ","Xong"),IF(F8="","CHƯA GIAO","")&IF(NOT(ISNUMBER(H8)),"",IF(TODAY()>H8,IF(F8=""," · ","")&"QUÁ HẠN "&(TODAY()-H8)&" ngày",IF(H8-TODAY()<=3,IF(F8=""," · ","")&"Đến hạn "&IF(H8=TODAY(),"hôm nay","trong "&(H8-TODAY())&" ngày"),"")))))) | M8: VD-1 | N8: K04 | O8: -30 | P8: Lịch | Q8: =IF(AND(E8<>"",R8="Có",I8<>"Xong",I8<>"Bỏ qua",ISNUMBER(H8)),H8+ROW()/100000,"") | R8: =IF(M8="","",IFERROR(INDEX(SK_L,MATCH(M8,SK_A,0)),""))
A9: =IF(M9="","",IFERROR(INDEX(SK_B,MATCH(M9,SK_A,0))&"","")) | B9: =IF(M9="","",IFERROR(INDEX(SK_C,MATCH(M9,SK_A,0)),"")) | C9: =IF(O9="","",IF(O9=0,"D",IF(O9<0,"D"&O9,"D+"&O9))) | D9: 3. Tuyển sinh | E9: Báo cáo số đăng ký theo nguồn cho team (thứ Hai hằng tuần, đến D-1) | F9: Leader MKT (ví dụ) | G9: Sales, NPP | H9: =IF(OR(B9="",O9=""),"",IF(O9>0,IF(P9="Làm việc",WORKDAY(IFERROR(IF(INDEX(SK_D,MATCH(M9,SK_A,0))="",B9,INDEX(SK_D,MATCH(M9,SK_A,0))),B9),O9,HOLI),IFERROR(IF(INDEX(SK_D,MATCH(M9,SK_A,0))="",B9,INDEX(SK_D,MATCH(M9,SK_A,0))),B9)+O9),B9+O9)) | I9: Xong | J9: 46309 | L9: =IF(E9="","",IF(I9="Bỏ qua","—",IF(I9="Xong",IF(AND(ISNUMBER(J9),ISNUMBER(H9),J9>H9),"Xong trễ","Xong"),IF(F9="","CHƯA GIAO","")&IF(NOT(ISNUMBER(H9)),"",IF(TODAY()>H9,IF(F9=""," · ","")&"QUÁ HẠN "&(TODAY()-H9)&" ngày",IF(H9-TODAY()<=3,IF(F9=""," · ","")&"Đến hạn "&IF(H9=TODAY(),"hôm nay","trong "&(H9-TODAY())&" ngày"),"")))))) | M9: VD-1 | N9: K05 | O9: -1 | P9: Lịch | Q9: =IF(AND(E9<>"",R9="Có",I9<>"Xong",I9<>"Bỏ qua",ISNUMBER(H9)),H9+ROW()/100000,"") | R9: =IF(M9="","",IFERROR(INDEX(SK_L,MATCH(M9,SK_A,0)),""))
A10: =IF(M10="","",IFERROR(INDEX(SK_B,MATCH(M10,SK_A,0))&"","")) | B10: =IF(M10="","",IFERROR(INDEX(SK_C,MATCH(M10,SK_A,0)),"")) | C10: =IF(O10="","",IF(O10=0,"D",IF(O10<0,"D"&O10,"D+"&O10))) | D10: 3. Tuyển sinh | E10: Checkpoint D-14: đăng ký < 60% target ⇒ báo Giám đốc phương án | F10: Leader MKT (ví dụ) | G10: Giám đốc | H10: =IF(OR(B10="",O10=""),"",IF(O10>0,IF(P10="Làm việc",WORKDAY(IFERROR(IF(INDEX(SK_D,MATCH(M10,SK_A,0))="",B10,INDEX(SK_D,MATCH(M10,SK_A,0))),B10),O10,HOLI),IFERROR(IF(INDEX(SK_D,MATCH(M10,SK_A,0))="",B10,INDEX(SK_D,MATCH(M10,SK_A,0))),B10)+O10),B10+O10)) | I10: Xong | J10: 46298 | L10: =IF(E10="","",IF(I10="Bỏ qua","—",IF(I10="Xong",IF(AND(ISNUMBER(J10),ISNUMBER(H10),J10>H10),"Xong trễ","Xong"),IF(F10="","CHƯA GIAO","")&IF(NOT(ISNUMBER(H10)),"",IF(TODAY()>H10,IF(F10=""," · ","")&"QUÁ HẠN "&(TODAY()-H10)&" ngày",IF(H10-TODAY()<=3,IF(F10=""," · ","")&"Đến hạn "&IF(H10=TODAY(),"hôm nay","trong "&(H10-TODAY())&" ngày"),"")))))) | M10: VD-1 | N10: K06 | O10: -14 | P10: Lịch | Q10: =IF(AND(E10<>"",R10="Có",I10<>"Xong",I10<>"Bỏ qua",ISNUMBER(H10)),H10+ROW()/100000,"") | R10: =IF(M10="","",IFERROR(INDEX(SK_L,MATCH(M10,SK_A,0)),""))
A11: =IF(M11="","",IFERROR(INDEX(SK_B,MATCH(M11,SK_A,0))&"","")) | B11: =IF(M11="","",IFERROR(INDEX(SK_C,MATCH(M11,SK_A,0)),"")) | C11: =IF(O11="","",IF(O11=0,"D",IF(O11<0,"D"&O11,"D+"&O11))) | D11: 3. Tuyển sinh | E11: Sales / NPP gửi đủ thông tin khách đăng ký hộ (Họ tên · SĐT · Nơi công tác) | F11: Sales Dental (ví dụ) | G11: NPP | H11: =IF(OR(B11="",O11=""),"",IF(O11>0,IF(P11="Làm việc",WORKDAY(IFERROR(IF(INDEX(SK_D,MATCH(M11,SK_A,0))="",B11,INDEX(SK_D,MATCH(M11,SK_A,0))),B11),O11,HOLI),IFERROR(IF(INDEX(SK_D,MATCH(M11,SK_A,0))="",B11,INDEX(SK_D,MATCH(M11,SK_A,0))),B11)+O11),B11+O11)) | I11: Xong | J11: 46307 | L11: =IF(E11="","",IF(I11="Bỏ qua","—",IF(I11="Xong",IF(AND(ISNUMBER(J11),ISNUMBER(H11),J11>H11),"Xong trễ","Xong"),IF(F11="","CHƯA GIAO","")&IF(NOT(ISNUMBER(H11)),"",IF(TODAY()>H11,IF(F11=""," · ","")&"QUÁ HẠN "&(TODAY()-H11)&" ngày",IF(H11-TODAY()<=3,IF(F11=""," · ","")&"Đến hạn "&IF(H11=TODAY(),"hôm nay","trong "&(H11-TODAY())&" ngày"),"")))))) | M11: VD-1 | N11: K07 | O11: -5 | P11: Lịch | Q11: =IF(AND(E11<>"",R11="Có",I11<>"Xong",I11<>"Bỏ qua",ISNUMBER(H11)),H11+ROW()/100000,"") | R11: =IF(M11="","",IFERROR(INDEX(SK_L,MATCH(M11,SK_A,0)),""))
A12: =IF(M12="","",IFERROR(INDEX(SK_B,MATCH(M12,SK_A,0))&"","")) | B12: =IF(M12="","",IFERROR(INDEX(SK_C,MATCH(M12,SK_A,0)),"")) | C12: =IF(O12="","",IF(O12=0,"D",IF(O12<0,"D"&O12,"D+"&O12))) | D12: 4. Truyền thông | E12: Đăng chuỗi bài truyền thông sự kiện | F12: Digital (ví dụ) | G12: Sales, NPP chia sẻ | H12: =IF(OR(B12="",O12=""),"",IF(O12>0,IF(P12="Làm việc",WORKDAY(IFERROR(IF(INDEX(SK_D,MATCH(M12,SK_A,0))="",B12,INDEX(SK_D,MATCH(M12,SK_A,0))),B12),O12,HOLI),IFERROR(IF(INDEX(SK_D,MATCH(M12,SK_A,0))="",B12,INDEX(SK_D,MATCH(M12,SK_A,0))),B12)+O12),B12+O12)) | I12: Xong | J12: 46298 | L12: =IF(E12="","",IF(I12="Bỏ qua","—",IF(I12="Xong",IF(AND(ISNUMBER(J12),ISNUMBER(H12),J12>H12),"Xong trễ","Xong"),IF(F12="","CHƯA GIAO","")&IF(NOT(ISNUMBER(H12)),"",IF(TODAY()>H12,IF(F12=""," · ","")&"QUÁ HẠN "&(TODAY()-H12)&" ngày",IF(H12-TODAY()<=3,IF(F12=""," · ","")&"Đến hạn "&IF(H12=TODAY(),"hôm nay","trong "&(H12-TODAY())&" ngày"),"")))))) | M12: VD-1 | N12: K08 | O12: -14 | P12: Lịch | Q12: =IF(AND(E12<>"",R12="Có",I12<>"Xong",I12<>"Bỏ qua",ISNUMBER(H12)),H12+ROW()/100000,"") | R12: =IF(M12="","",IFERROR(INDEX(SK_L,MATCH(M12,SK_A,0)),""))
A13: =IF(M13="","",IFERROR(INDEX(SK_B,MATCH(M13,SK_A,0))&"","")) | B13: =IF(M13="","",IFERROR(INDEX(SK_C,MATCH(M13,SK_A,0)),"")) | C13: =IF(O13="","",IF(O13=0,"D",IF(O13<0,"D"&O13,"D+"&O13))) | D13: 5. Địa điểm & hậu cần | E13: Đặt địa điểm (ngày, phòng, sức chứa, báo giá) | F13: Trade (ví dụ) | G13: Địa điểm | H13: =IF(OR(B13="",O13=""),"",IF(O13>0,IF(P13="Làm việc",WORKDAY(IFERROR(IF(INDEX(SK_D,MATCH(M13,SK_A,0))="",B13,INDEX(SK_D,MATCH(M13,SK_A,0))),B13),O13,HOLI),IFERROR(IF(INDEX(SK_D,MATCH(M13,SK_A,0))="",B13,INDEX(SK_D,MATCH(M13,SK_A,0))),B13)+O13),B13+O13)) | I13: Xong | J13: 46283 | L13: =IF(E13="","",IF(I13="Bỏ qua","—",IF(I13="Xong",IF(AND(ISNUMBER(J13),ISNUMBER(H13),J13>H13),"Xong trễ","Xong"),IF(F13="","CHƯA GIAO","")&IF(NOT(ISNUMBER(H13)),"",IF(TODAY()>H13,IF(F13=""," · ","")&"QUÁ HẠN "&(TODAY()-H13)&" ngày",IF(H13-TODAY()<=3,IF(F13=""," · ","")&"Đến hạn "&IF(H13=TODAY(),"hôm nay","trong "&(H13-TODAY())&" ngày"),"")))))) | M13: VD-1 | N13: K09 | O13: -30 | P13: Lịch | Q13: =IF(AND(E13<>"",R13="Có",I13<>"Xong",I13<>"Bỏ qua",ISNUMBER(H13)),H13+ROW()/100000,"") | R13: =IF(M13="","",IFERROR(INDEX(SK_L,MATCH(M13,SK_A,0)),""))
A14: =IF(M14="","",IFERROR(INDEX(SK_B,MATCH(M14,SK_A,0))&"","")) | B14: =IF(M14="","",IFERROR(INDEX(SK_C,MATCH(M14,SK_A,0)),"")) | C14: =IF(O14="","",IF(O14=0,"D",IF(O14<0,"D"&O14,"D+"&O14))) | D14: 5. Địa điểm & hậu cần | E14: Chốt setup với địa điểm: sơ đồ, tea break / ăn trưa, kỹ thuật, sự kiện khác cùng giờ | F14: Trade (ví dụ) | G14: Địa điểm | H14: =IF(OR(B14="",O14=""),"",IF(O14>0,IF(P14="Làm việc",WORKDAY(IFERROR(IF(INDEX(SK_D,MATCH(M14,SK_A,0))="",B14,INDEX(SK_D,MATCH(M14,SK_A,0))),B14),O14,HOLI),IFERROR(IF(INDEX(SK_D,MATCH(M14,SK_A,0))="",B14,INDEX(SK_D,MATCH(M14,SK_A,0))),B14)+O14),B14+O14)) | I14: Xong | J14: 46298 | L14: =IF(E14="","",IF(I14="Bỏ qua","—",IF(I14="Xong",IF(AND(ISNUMBER(J14),ISNUMBER(H14),J14>H14),"Xong trễ","Xong"),IF(F14="","CHƯA GIAO","")&IF(NOT(ISNUMBER(H14)),"",IF(TODAY()>H14,IF(F14=""," · ","")&"QUÁ HẠN "&(TODAY()-H14)&" ngày",IF(H14-TODAY()<=3,IF(F14=""," · ","")&"Đến hạn "&IF(H14=TODAY(),"hôm nay","trong "&(H14-TODAY())&" ngày"),"")))))) | M14: VD-1 | N14: K10 | O14: -14 | P14: Lịch | Q14: =IF(AND(E14<>"",R14="Có",I14<>"Xong",I14<>"Bỏ qua",ISNUMBER(H14)),H14+ROW()/100000,"") | R14: =IF(M14="","",IFERROR(INDEX(SK_L,MATCH(M14,SK_A,0)),""))
A15: =IF(M15="","",IFERROR(INDEX(SK_B,MATCH(M15,SK_A,0))&"","")) | B15: =IF(M15="","",IFERROR(INDEX(SK_C,MATCH(M15,SK_A,0)),"")) | C15: =IF(O15="","",IF(O15=0,"D",IF(O15<0,"D"&O15,"D+"&O15))) | D15: 6. Nội dung | E15: Timeline chi tiết ngày D | F15: Leader MKT (ví dụ) | G15: KOL, Viện | H15: =IF(OR(B15="",O15=""),"",IF(O15>0,IF(P15="Làm việc",WORKDAY(IFERROR(IF(INDEX(SK_D,MATCH(M15,SK_A,0))="",B15,INDEX(SK_D,MATCH(M15,SK_A,0))),B15),O15,HOLI),IFERROR(IF(INDEX(SK_D,MATCH(M15,SK_A,0))="",B15,INDEX(SK_D,MATCH(M15,SK_A,0))),B15)+O15),B15+O15)) | I15: Xong | J15: 46305 | L15: =IF(E15="","",IF(I15="Bỏ qua","—",IF(I15="Xong",IF(AND(ISNUMBER(J15),ISNUMBER(H15),J15>H15),"Xong trễ","Xong"),IF(F15="","CHƯA GIAO","")&IF(NOT(ISNUMBER(H15)),"",IF(TODAY()>H15,IF(F15=""," · ","")&"QUÁ HẠN "&(TODAY()-H15)&" ngày",IF(H15-TODAY()<=3,IF(F15=""," · ","")&"Đến hạn "&IF(H15=TODAY(),"hôm nay","trong "&(H15-TODAY())&" ngày"),"")))))) | M15: VD-1 | N15: K12 | O15: -7 | P15: Lịch | Q15: =IF(AND(E15<>"",R15="Có",I15<>"Xong",I15<>"Bỏ qua",ISNUMBER(H15)),H15+ROW()/100000,"") | R15: =IF(M15="","",IFERROR(INDEX(SK_L,MATCH(M15,SK_A,0)),""))
A16: =IF(M16="","",IFERROR(INDEX(SK_B,MATCH(M16,SK_A,0))&"","")) | B16: =IF(M16="","",IFERROR(INDEX(SK_C,MATCH(M16,SK_A,0)),"")) | C16: =IF(O16="","",IF(O16=0,"D",IF(O16<0,"D"&O16,"D+"&O16))) | D16: 6. Nội dung | E16: Kịch bản MC, kịch bản phát biểu, video trình chiếu | F16: Digital (ví dụ) | G16: KOL, Viện | H16: =IF(OR(B16="",O16=""),"",IF(O16>0,IF(P16="Làm việc",WORKDAY(IFERROR(IF(INDEX(SK_D,MATCH(M16,SK_A,0))="",B16,INDEX(SK_D,MATCH(M16,SK_A,0))),B16),O16,HOLI),IFERROR(IF(INDEX(SK_D,MATCH(M16,SK_A,0))="",B16,INDEX(SK_D,MATCH(M16,SK_A,0))),B16)+O16),B16+O16)) | I16: Xong | J16: 46305 | L16: =IF(E16="","",IF(I16="Bỏ qua","—",IF(I16="Xong",IF(AND(ISNUMBER(J16),ISNUMBER(H16),J16>H16),"Xong trễ","Xong"),IF(F16="","CHƯA GIAO","")&IF(NOT(ISNUMBER(H16)),"",IF(TODAY()>H16,IF(F16=""," · ","")&"QUÁ HẠN "&(TODAY()-H16)&" ngày",IF(H16-TODAY()<=3,IF(F16=""," · ","")&"Đến hạn "&IF(H16=TODAY(),"hôm nay","trong "&(H16-TODAY())&" ngày"),"")))))) | M16: VD-1 | N16: K13 | O16: -7 | P16: Lịch | Q16: =IF(AND(E16<>"",R16="Có",I16<>"Xong",I16<>"Bỏ qua",ISNUMBER(H16)),H16+ROW()/100000,"") | R16: =IF(M16="","",IFERROR(INDEX(SK_L,MATCH(M16,SK_A,0)),""))
... A26: =IF(M26="","",IFERROR(INDEX(SK_B,MATCH(M26,SK_A,0))&"","")) | B26: =IF(M26="","",IFERROR(INDEX(SK_C,MATCH(M26,SK_A,0)),"")) | C26: =IF(O26="","",IF(O26=0,"D",IF(O26<0,"D"&O26,"D+"&O26))) | D26: 9. Ngày D | E26: Bán hàng tại bàn trưng bày + ghi khách quan tâm | F26: Sales Dental (ví dụ) | G26: NPP | H26: =IF(OR(B26="",O26=""),"",IF(O26>0,IF(P26="Làm việc",WORKDAY(IFERROR(IF(INDEX(SK_D,MATCH(M26,SK_A,0))="",B26,INDEX(SK_D,MATCH(M26,SK_A,0))),B26),O26,HOLI),IFERROR(IF(INDEX(SK_D,MATCH(M26,SK_A,0))="",B26,INDEX(SK_D,MATCH(M26,SK_A,0))),B26)+O26),B26+O26)) | I26: Xong | J26: 46312 | L26: =IF(E26="","",IF(I26="Bỏ qua","—",IF(I26="Xong",IF(AND(ISNUMBER(J26),ISNUMBER(H26),J26>H26),"Xong trễ","Xong"),IF(F26="","CHƯA GIAO","")&IF(NOT(ISNUMBER(H26)),"",IF(TODAY()>H26,IF(F26=""," · ","")&"QUÁ HẠN "&(TODAY()-H26)&" ngày",IF(H26-TODAY()<=3,IF(F26=""," · ","")&"Đến hạn "&IF(H26=TODAY(),"hôm nay","trong "&(H26-TODAY())&" ngày"),"")))))) | M26: VD-1 | N26: K24 | O26: 0 | P26: Lịch | Q26: =IF(AND(E26<>"",R26="Có",I26<>"Xong",I26<>"Bỏ qua",ISNUMBER(H26)),H26+ROW()/100000,"") | R26: =IF(M26="","",IFERROR(INDEX(SK_L,MATCH(M26,SK_A,0)),""))
A27: =IF(M27="","",IFERROR(INDEX(SK_B,MATCH(M27,SK_A,0))&"","")) | B27: =IF(M27="","",IFERROR(INDEX(SK_C,MATCH(M27,SK_A,0)),"")) | C27: =IF(O27="","",IF(O27=0,"D",IF(O27<0,"D"&O27,"D+"&O27))) | D27: 9. Ngày D | E27: Thu dọn, kiểm đếm, ghi POSM hỏng | F27: Trade (ví dụ) | G27: NPP | H27: =IF(OR(B27="",O27=""),"",IF(O27>0,IF(P27="Làm việc",WORKDAY(IFERROR(IF(INDEX(SK_D,MATCH(M27,SK_A,0))="",B27,INDEX(SK_D,MATCH(M27,SK_A,0))),B27),O27,HOLI),IFERROR(IF(INDEX(SK_D,MATCH(M27,SK_A,0))="",B27,INDEX(SK_D,MATCH(M27,SK_A,0))),B27)+O27),B27+O27)) | I27: Chưa làm | L27: =IF(E27="","",IF(I27="Bỏ qua","—",IF(I27="Xong",IF(AND(ISNUMBER(J27),ISNUMBER(H27),J27>H27),"Xong trễ","Xong"),IF(F27="","CHƯA GIAO","")&IF(NOT(ISNUMBER(H27)),"",IF(TODAY()>H27,IF(F27=""," · ","")&"QUÁ HẠN "&(TODAY()-H27)&" ngày",IF(H27-TODAY()<=3,IF(F27=""," · ","")&"Đến hạn "&IF(H27=TODAY(),"hôm nay","trong "&(H27-TODAY())&" ngày"),"")))))) | M27: VD-1 | N27: K25 | O27: 0 | P27: Lịch | Q27: =IF(AND(E27<>"",R27="Có",I27<>"Xong",I27<>"Bỏ qua",ISNUMBER(H27)),H27+ROW()/100000,"") | R27: =IF(M27="","",IFERROR(INDEX(SK_L,MATCH(M27,SK_A,0)),""))
A28: =IF(M28="","",IFERROR(INDEX(SK_B,MATCH(M28,SK_A,0))&"","")) | B28: =IF(M28="","",IFERROR(INDEX(SK_C,MATCH(M28,SK_A,0)),"")) | C28: =IF(O28="","",IF(O28=0,"D",IF(O28<0,"D"&O28,"D+"&O28))) | D28: 10. Sau sự kiện | E28: Bài cảm ơn + ảnh recap; video recap (nếu có) | F28: Digital (ví dụ) | H28: =IF(OR(B28="",O28=""),"",IF(O28>0,IF(P28="Làm việc",WORKDAY(IFERROR(IF(INDEX(SK_D,MATCH(M28,SK_A,0))="",B28,INDEX(SK_D,MATCH(M28,SK_A,0))),B28),O28,HOLI),IFERROR(IF(INDEX(SK_D,MATCH(M28,SK_A,0))="",B28,INDEX(SK_D,MATCH(M28,SK_A,0))),B28)+O28),B28+O28)) | I28: Xong | J28: 46314 | L28: =IF(E28="","",IF(I28="Bỏ qua","—",IF(I28="Xong",IF(AND(ISNUMBER(J28),ISNUMBER(H28),J28>H28),"Xong trễ","Xong"),IF(F28="","CHƯA GIAO","")&IF(NOT(ISNUMBER(H28)),"",IF(TODAY()>H28,IF(F28=""," · ","")&"QUÁ HẠN "&(TODAY()-H28)&" ngày",IF(H28-TODAY()<=3,IF(F28=""," · ","")&"Đến hạn "&IF(H28=TODAY(),"hôm nay","trong "&(H28-TODAY())&" ngày"),"")))))) | M28: VD-1 | N28: K26 | O28: 2 | P28: Làm việc | Q28: =IF(AND(E28<>"",R28="Có",I28<>"Xong",I28<>"Bỏ qua",ISNUMBER(H28)),H28+ROW()/100000,"") | R28: =IF(M28="","",IFERROR(INDEX(SK_L,MATCH(M28,SK_A,0)),""))
A29: =IF(M29="","",IFERROR(INDEX(SK_B,MATCH(M29,SK_A,0))&"","")) | B29: =IF(M29="","",IFERROR(INDEX(SK_C,MATCH(M29,SK_A,0)),"")) | C29: =IF(O29="","",IF(O29=0,"D",IF(O29<0,"D"&O29,"D+"&O29))) | D29: 10. Sau sự kiện | E29: Scan biểu mẫu ký tay + upload ảnh / video lên folder sự kiện | F29: Trade (ví dụ) | G29: Digital MKT | H29: =IF(OR(B29="",O29=""),"",IF(O29>0,IF(P29="Làm việc",WORKDAY(IFERROR(IF(INDEX(SK_D,MATCH(M29,SK_A,0))="",B29,INDEX(SK_D,MATCH(M29,SK_A,0))),B29),O29,HOLI),IFERROR(IF(INDEX(SK_D,MATCH(M29,SK_A,0))="",B29,INDEX(SK_D,MATCH(M29,SK_A,0))),B29)+O29),B29+O29)) | I29: Xong | J29: 46313 | L29: =IF(E29="","",IF(I29="Bỏ qua","—",IF(I29="Xong",IF(AND(ISNUMBER(J29),ISNUMBER(H29),J29>H29),"Xong trễ","Xong"),IF(F29="","CHƯA GIAO","")&IF(NOT(ISNUMBER(H29)),"",IF(TODAY()>H29,IF(F29=""," · ","")&"QUÁ HẠN "&(TODAY()-H29)&" ngày",IF(H29-TODAY()<=3,IF(F29=""," · ","")&"Đến hạn "&IF(H29=TODAY(),"hôm nay","trong "&(H29-TODAY())&" ngày"),"")))))) | M29: VD-1 | N29: K27 | O29: 2 | P29: Làm việc | Q29: =IF(AND(E29<>"",R29="Có",I29<>"Xong",I29<>"Bỏ qua",ISNUMBER(H29)),H29+ROW()/100000,"") | R29: =IF(M29="","",IFERROR(INDEX(SK_L,MATCH(M29,SK_A,0)),""))
A30: =IF(M30="","",IFERROR(INDEX(SK_B,MATCH(M30,SK_A,0))&"","")) | B30: =IF(M30="","",IFERROR(INDEX(SK_C,MATCH(M30,SK_A,0)),"")) | C30: =IF(O30="","",IF(O30=0,"D",IF(O30<0,"D"&O30,"D+"&O30))) | D30: 10. Sau sự kiện | E30: Đối chiếu dữ liệu khách (loại trùng, đủ trường) ⇒ CUSTOMER LIST; tổng hợp khảo sát | F30: Digital (ví dụ) | G30: Sales, NPP | H30: =IF(OR(B30="",O30=""),"",IF(O30>0,IF(P30="Làm việc",WORKDAY(IFERROR(IF(INDEX(SK_D,MATCH(M30,SK_A,0))="",B30,INDEX(SK_D,MATCH(M30,SK_A,0))),B30),O30,HOLI),IFERROR(IF(INDEX(SK_D,MATCH(M30,SK_A,0))="",B30,INDEX(SK_D,MATCH(M30,SK_A,0))),B30)+O30),B30+O30)) | I30: Xong | J30: 46316 | L30: =IF(E30="","",IF(I30="Bỏ qua","—",IF(I30="Xong",IF(AND(ISNUMBER(J30),ISNUMBER(H30),J30>H30),"Xong trễ","Xong"),IF(F30="","CHƯA GIAO","")&IF(NOT(ISNUMBER(H30)),"",IF(TODAY()>H30,IF(F30=""," · ","")&"QUÁ HẠN "&(TODAY()-H30)&" ngày",IF(H30-TODAY()<=3,IF(F30=""," · ","")&"Đến hạn "&IF(H30=TODAY(),"hôm nay","trong "&(H30-TODAY())&" ngày"),"")))))) | M30: VD-1 | N30: K28 | O30: 3 | P30: Làm việc | Q30: =IF(AND(E30<>"",R30="Có",I30<>"Xong",I30<>"Bỏ qua",ISNUMBER(H30)),H30+ROW()/100000,"") | R30: =IF(M30="","",IFERROR(INDEX(SK_L,MATCH(M30,SK_A,0)),""))
A31: =IF(M31="","",IFERROR(INDEX(SK_B,MATCH(M31,SK_A,0))&"","")) | B31: =IF(M31="","",IFERROR(INDEX(SK_C,MATCH(M31,SK_A,0)),"")) | C31: =IF(O31="","",IF(O31=0,"D",IF(O31<0,"D"&O31,"D+"&O31))) | D31: 10. Sau sự kiện | E31: Sales + NPP gửi số liệu bán hàng tại sự kiện | F31: Sales Dental (ví dụ) | G31: NPP | H31: =IF(OR(B31="",O31=""),"",IF(O31>0,IF(P31="Làm việc",WORKDAY(IFERROR(IF(INDEX(SK_D,MATCH(M31,SK_A,0))="",B31,INDEX(SK_D,MATCH(M31,SK_A,0))),B31),O31,HOLI),IFERROR(IF(INDEX(SK_D,MATCH(M31,SK_A,0))="",B31,INDEX(SK_D,MATCH(M31,SK_A,0))),B31)+O31),B31+O31)) | I31: Chưa làm | L31: =IF(E31="","",IF(I31="Bỏ qua","—",IF(I31="Xong",IF(AND(ISNUMBER(J31),ISNUMBER(H31),J31>H31),"Xong trễ","Xong"),IF(F31="","CHƯA GIAO","")&IF(NOT(ISNUMBER(H31)),"",IF(TODAY()>H31,IF(F31=""," · ","")&"QUÁ HẠN "&(TODAY()-H31)&" ngày",IF(H31-TODAY()<=3,IF(F31=""," · ","")&"Đến hạn "&IF(H31=TODAY(),"hôm nay","trong "&(H31-TODAY())&" ngày"),"")))))) | M31: VD-1 | N31: K29 | O31: 3 | P31: Làm việc | Q31: =IF(AND(E31<>"",R31="Có",I31<>"Xong",I31<>"Bỏ qua",ISNUMBER(H31)),H31+ROW()/100000,"") | R31: =IF(M31="","",IFERROR(INDEX(SK_L,MATCH(M31,SK_A,0)),""))
A32: =IF(M32="","",IFERROR(INDEX(SK_B,MATCH(M32,SK_A,0))&"","")) | B32: =IF(M32="","",IFERROR(INDEX(SK_C,MATCH(M32,SK_A,0)),"")) | C32: =IF(O32="","",IF(O32=0,"D",IF(O32<0,"D"&O32,"D+"&O32))) | D32: 10. Sau sự kiện | E32: Bàn giao danh sách khách cần follow-up cho Sales | F32: Digital (ví dụ) | G32: Sales | H32: =IF(OR(B32="",O32=""),"",IF(O32>0,IF(P32="Làm việc",WORKDAY(IFERROR(IF(INDEX(SK_D,MATCH(M32,SK_A,0))="",B32,INDEX(SK_D,MATCH(M32,SK_A,0))),B32),O32,HOLI),IFERROR(IF(INDEX(SK_D,MATCH(M32,SK_A,0))="",B32,INDEX(SK_D,MATCH(M32,SK_A,0))),B32)+O32),B32+O32)) | I32: Xong | J32: 46316 | L32: =IF(E32="","",IF(I32="Bỏ qua","—",IF(I32="Xong",IF(AND(ISNUMBER(J32),ISNUMBER(H32),J32>H32),"Xong trễ","Xong"),IF(F32="","CHƯA GIAO","")&IF(NOT(ISNUMBER(H32)),"",IF(TODAY()>H32,IF(F32=""," · ","")&"QUÁ HẠN "&(TODAY()-H32)&" ngày",IF(H32-TODAY()<=3,IF(F32=""," · ","")&"Đến hạn "&IF(H32=TODAY(),"hôm nay","trong "&(H32-TODAY())&" ngày"),"")))))) | M32: VD-1 | N32: K30 | O32: 3 | P32: Làm việc | Q32: =IF(AND(E32<>"",R32="Có",I32<>"Xong",I32<>"Bỏ qua",ISNUMBER(H32)),H32+ROW()/100000,"") | R32: =IF(M32="","",IFERROR(INDEX(SK_L,MATCH(M32,SK_A,0)),""))
A33: =IF(M33="","",IFERROR(INDEX(SK_B,MATCH(M33,SK_A,0))&"","")) | B33: =IF(M33="","",IFERROR(INDEX(SK_C,MATCH(M33,SK_A,0)),"")) | C33: =IF(O33="","",IF(O33=0,"D",IF(O33<0,"D"&O33,"D+"&O33))) | D33: 10. Sau sự kiện | E33: Báo cáo sự kiện + chứng từ KOL, hoá đơn địa điểm | F33: Leader MKT (ví dụ) | G33: Trade MKT | H33: =IF(OR(B33="",O33=""),"",IF(O33>0,IF(P33="Làm việc",WORKDAY(IFERROR(IF(INDEX(SK_D,MATCH(M33,SK_A,0))="",B33,INDEX(SK_D,MATCH(M33,SK_A,0))),B33),O33,HOLI),IFERROR(IF(INDEX(SK_D,MATCH(M33,SK_A,0))="",B33,INDEX(SK_D,MATCH(M33,SK_A,0))),B33)+O33),B33+O33)) | I33: Xong | J33: 46316 | L33: =IF(E33="","",IF(I33="Bỏ qua","—",IF(I33="Xong",IF(AND(ISNUMBER(J33),ISNUMBER(H33),J33>H33),"Xong trễ","Xong"),IF(F33="","CHƯA GIAO","")&IF(NOT(ISNUMBER(H33)),"",IF(TODAY()>H33,IF(F33=""," · ","")&"QUÁ HẠN "&(TODAY()-H33)&" ngày",IF(H33-TODAY()<=3,IF(F33=""," · ","")&"Đến hạn "&IF(H33=TODAY(),"hôm nay","trong "&(H33-TODAY())&" ngày"),"")))))) | M33: VD-1 | N33: K31 | O33: 5 | P33: Làm việc | Q33: =IF(AND(E33<>"",R33="Có",I33<>"Xong",I33<>"Bỏ qua",ISNUMBER(H33)),H33+ROW()/100000,"") | R33: =IF(M33="","",IFERROR(INDEX(SK_L,MATCH(M33,SK_A,0)),""))
A34: =IF(M34="","",IFERROR(INDEX(SK_B,MATCH(M34,SK_A,0))&"","")) | B34: =IF(M34="","",IFERROR(INDEX(SK_C,MATCH(M34,SK_A,0)),"")) | C34: =IF(O34="","",IF(O34=0,"D",IF(O34<0,"D"&O34,"D+"&O34))) | D34: 10. Sau sự kiện | E34: Email báo cáo toàn MMH (4 file đính kèm) + hoàn tất lưu hồ sơ | F34: Leader MKT (ví dụ) | H34: =IF(OR(B34="",O34=""),"",IF(O34>0,IF(P34="Làm việc",WORKDAY(IFERROR(IF(INDEX(SK_D,MATCH(M34,SK_A,0))="",B34,INDEX(SK_D,MATCH(M34,SK_A,0))),B34),O34,HOLI),IFERROR(IF(INDEX(SK_D,MATCH(M34,SK_A,0))="",B34,INDEX(SK_D,MATCH(M34,SK_A,0))),B34)+O34),B34+O34)) | I34: Xong | J34: 46321 | L34: =IF(E34="","",IF(I34="Bỏ qua","—",IF(I34="Xong",IF(AND(ISNUMBER(J34),ISNUMBER(H34),J34>H34),"Xong trễ","Xong"),IF(F34="","CHƯA GIAO","")&IF(NOT(ISNUMBER(H34)),"",IF(TODAY()>H34,IF(F34=""," · ","")&"QUÁ HẠN "&(TODAY()-H34)&" ngày",IF(H34-TODAY()<=3,IF(F34=""," · ","")&"Đến hạn "&IF(H34=TODAY(),"hôm nay","trong "&(H34-TODAY())&" ngày"),"")))))) | M34: VD-1 | N34: K32 | O34: 7 | P34: Làm việc | Q34: =IF(AND(E34<>"",R34="Có",I34<>"Xong",I34<>"Bỏ qua",ISNUMBER(H34)),H34+ROW()/100000,"") | R34: =IF(M34="","",IFERROR(INDEX(SK_L,MATCH(M34,SK_A,0)),""))
A35: =IF(M35="","",IFERROR(INDEX(SK_B,MATCH(M35,SK_A,0))&"","")) | B35: =IF(M35="","",IFERROR(INDEX(SK_C,MATCH(M35,SK_A,0)),"")) | C35: =IF(O35="","",IF(O35=0,"D",IF(O35<0,"D"&O35,"D+"&O35))) | D35: 11. Follow-up | E35: Sales liên hệ lần đầu khách cần follow-up | F35: Sales Dental (ví dụ) | G35: NPP | H35: =IF(OR(B35="",O35=""),"",IF(O35>0,IF(P35="Làm việc",WORKDAY(IFERROR(IF(INDEX(SK_D,MATCH(M35,SK_A,0))="",B35,INDEX(SK_D,MATCH(M35,SK_A,0))),B35),O35,HOLI),IFERROR(IF(INDEX(SK_D,MATCH(M35,SK_A,0))="",B35,INDEX(SK_D,MATCH(M35,SK_A,0))),B35)+O35),B35+O35)) | I35: Xong | J35: 46318 | L35: =IF(E35="","",IF(I35="Bỏ qua","—",IF(I35="Xong",IF(AND(ISNUMBER(J35),ISNUMBER(H35),J35>H35),"Xong trễ","Xong"),IF(F35="","CHƯA GIAO","")&IF(NOT(ISNUMBER(H35)),"",IF(TODAY()>H35,IF(F35=""," · ","")&"QUÁ HẠN "&(TODAY()-H35)&" ngày",IF(H35-TODAY()<=3,IF(F35=""," · ","")&"Đến hạn "&IF(H35=TODAY(),"hôm nay","trong "&(H35-TODAY())&" ngày"),"")))))) | M35: VD-1 | N35: K33 | O35: 5 | P35: Làm việc | Q35: =IF(AND(E35<>"",R35="Có",I35<>"Xong",I35<>"Bỏ qua",ISNUMBER(H35)),H35+ROW()/100000,"") | R35: =IF(M35="","",IFERROR(INDEX(SK_L,MATCH(M35,SK_A,0)),""))
A36: =IF(M36="","",IFERROR(INDEX(SK_B,MATCH(M36,SK_A,0))&"","")) | B36: =IF(M36="","",IFERROR(INDEX(SK_C,MATCH(M36,SK_A,0)),"")) | C36: =IF(O36="","",IF(O36=0,"D",IF(O36<0,"D"&O36,"D+"&O36))) | D36: 11. Follow-up | E36: Sales báo kết quả chuyển đổi đơn hàng | F36: Sales Dental (ví dụ) | G36: NPP | H36: =IF(OR(B36="",O36=""),"",IF(O36>0,IF(P36="Làm việc",WORKDAY(IFERROR(IF(INDEX(SK_D,MATCH(M36,SK_A,0))="",B36,INDEX(SK_D,MATCH(M36,SK_A,0))),B36),O36,HOLI),IFERROR(IF(INDEX(SK_D,MATCH(M36,SK_A,0))="",B36,INDEX(SK_D,MATCH(M36,SK_A,0))),B36)+O36),B36+O36)) | I36: Chưa làm | L36: =IF(E36="","",IF(I36="Bỏ qua","—",IF(I36="Xong",IF(AND(ISNUMBER(J36),ISNUMBER(H36),J36>H36),"Xong trễ","Xong"),IF(F36="","CHƯA GIAO","")&IF(NOT(ISNUMBER(H36)),"",IF(TODAY()>H36,IF(F36=""," · ","")&"QUÁ HẠN "&(TODAY()-H36)&" ngày",IF(H36-TODAY()<=3,IF(F36=""," · ","")&"Đến hạn "&IF(H36=TODAY(),"hôm nay","trong "&(H36-TODAY())&" ngày"),"")))))) | M36: VD-1 | N36: K34 | O36: 20 | P36: Làm việc | Q36: =IF(AND(E36<>"",R36="Có",I36<>"Xong",I36<>"Bỏ qua",ISNUMBER(H36)),H36+ROW()/100000,"") | R36: =IF(M36="","",IFERROR(INDEX(SK_L,MATCH(M36,SK_A,0)),""))
A37: =IF(M37="","",IFERROR(INDEX(SK_B,MATCH(M37,SK_A,0))&"","")) | B37: =IF(M37="","",IFERROR(INDEX(SK_C,MATCH(M37,SK_A,0)),"")) | C37: =IF(O37="","",IF(O37=0,"D",IF(O37<0,"D"&O37,"D+"&O37))) | D37: 1. Kế hoạch | E37: Lập kế hoạch tổng quan (KOL, số khách, mục đích, KPI bán hàng, khuyến mại, khảo sát) + xin Giám đốc duyệt ngân sách | F37: Leader MKT (ví dụ) | G37: Sales, NPP | H37: =IF(OR(B37="",O37=""),"",IF(O37>0,IF(P37="Làm việc",WORKDAY(IFERROR(IF(INDEX(SK_D,MATCH(M37,SK_A,0))="",B37,INDEX(SK_D,MATCH(M37,SK_A,0))),B37),O37,HOLI),IFERROR(IF(INDEX(SK_D,MATCH(M37,SK_A,0))="",B37,INDEX(SK_D,MATCH(M37,SK_A,0))),B37)+O37),B37+O37)) | I37: Xong | J37: 46304 | L37: =IF(E37="","",IF(I37="Bỏ qua","—",IF(I37="Xong",IF(AND(ISNUMBER(J37),ISNUMBER(H37),J37>H37),"Xong trễ","Xong"),IF(F37="","CHƯA GIAO","")&IF(NOT(ISNUMBER(H37)),"",IF(TODAY()>H37,IF(F37=""," · ","")&"QUÁ HẠN "&(TODAY()-H37)&" ngày",IF(H37-TODAY()<=3,IF(F37=""," · ","")&"Đến hạn "&IF(H37=TODAY(),"hôm nay","trong "&(H37-TODAY())&" ngày"),"")))))) | M37: VD-2 | N37: K01 | O37: -30 | P37: Lịch | Q37: =IF(AND(E37<>"",R37="Có",I37<>"Xong",I37<>"Bỏ qua",ISNUMBER(H37)),H37+ROW()/100000,"") | R37: =IF(M37="","",IFERROR(INDEX(SK_L,MATCH(M37,SK_A,0)),""))
A38: =IF(M38="","",IFERROR(INDEX(SK_B,MATCH(M38,SK_A,0))&"","")) | B38: =IF(M38="","",IFERROR(INDEX(SK_C,MATCH(M38,SK_A,0)),"")) | C38: =IF(O38="","",IF(O38=0,"D",IF(O38<0,"D"&O38,"D+"&O38))) | D38: 1. Kế hoạch | E38: Chia việc với NPP, Trường / Viện (tuyển sinh, đồ thực hành, MC, số bàn trưng bày) | F38: Leader MKT (ví dụ) | G38: NPP, Viện | H38: =IF(OR(B38="",O38=""),"",IF(O38>0,IF(P38="Làm việc",WORKDAY(IFERROR(IF(INDEX(SK_D,MATCH(M38,SK_A,0))="",B38,INDEX(SK_D,MATCH(M38,SK_A,0))),B38),O38,HOLI),IFERROR(IF(INDEX(SK_D,MATCH(M38,SK_A,0))="",B38,INDEX(SK_D,MATCH(M38,SK_A,0))),B38)+O38),B38+O38)) | I38: Xong | J38: 46304 | L38: =IF(E38="","",IF(I38="Bỏ qua","—",IF(I38="Xong",IF(AND(ISNUMBER(J38),ISNUMBER(H38),J38>H38),"Xong trễ","Xong"),IF(F38="","CHƯA GIAO","")&IF(NOT(ISNUMBER(H38)),"",IF(TODAY()>H38,IF(F38=""," · ","")&"QUÁ HẠN "&(TODAY()-H38)&" ngày",IF(H38-TODAY()<=3,IF(F38=""," · ","")&"Đến hạn "&IF(H38=TODAY(),"hôm nay","trong "&(H38-TODAY())&" ngày"),"")))))) | M38: VD-2 | N38: K02 | O38: -30 | P38: Lịch | Q38: =IF(AND(E38<>"",R38="Có",I38<>"Xong",I38<>"Bỏ qua",ISNUMBER(H38)),H38+ROW()/100000,"") | R38: =IF(M38="","",IFERROR(INDEX(SK_L,MATCH(M38,SK_A,0)),""))
A39: =IF(M39="","",IFERROR(INDEX(SK_B,MATCH(M39,SK_A,0))&"","")) | B39: =IF(M39="","",IFERROR(INDEX(SK_C,MATCH(M39,SK_A,0)),"")) | C39: =IF(O39="","",IF(O39=0,"D",IF(O39<0,"D"&O39,"D+"&O39))) | D39: 2. KOL & đối tác | E39: Chốt KOL: hợp đồng, lịch di chuyển, xem trước bài giảng, người chăm sóc KOL | F39: Leader MKT (ví dụ) | G39: KOL | H39: =IF(OR(B39="",O39=""),"",IF(O39>0,IF(P39="Làm việc",WORKDAY(IFERROR(IF(INDEX(SK_D,MATCH(M39,SK_A,0))="",B39,INDEX(SK_D,MATCH(M39,SK_A,0))),B39),O39,HOLI),IFERROR(IF(INDEX(SK_D,MATCH(M39,SK_A,0))="",B39,INDEX(SK_D,MATCH(M39,SK_A,0))),B39)+O39),B39+O39)) | I39: Xong | J39: 46305 | L39: =IF(E39="","",IF(I39="Bỏ qua","—",IF(I39="Xong",IF(AND(ISNUMBER(J39),ISNUMBER(H39),J39>H39),"Xong trễ","Xong"),IF(F39="","CHƯA GIAO","")&IF(NOT(ISNUMBER(H39)),"",IF(TODAY()>H39,IF(F39=""," · ","")&"QUÁ HẠN "&(TODAY()-H39)&" ngày",IF(H39-TODAY()<=3,IF(F39=""," · ","")&"Đến hạn "&IF(H39=TODAY(),"hôm nay","trong "&(H39-TODAY())&" ngày"),"")))))) | M39: VD-2 | N39: K03 | O39: -30 | P39: Lịch | Q39: =IF(AND(E39<>"",R39="Có",I39<>"Xong",I39<>"Bỏ qua",ISNUMBER(H39)),H39+ROW()/100000,"") | R39: =IF(M39="","",IFERROR(INDEX(SK_L,MATCH(M39,SK_A,0)),""))
A40: =IF(M40="","",IFERROR(INDEX(SK_B,MATCH(M40,SK_A,0))&"","")) | B40: =IF(M40="","",IFERROR(INDEX(SK_C,MATCH(M40,SK_A,0)),"")) | C40: =IF(O40="","",IF(O40=0,"D",IF(O40<0,"D"&O40,"D+"&O40))) | D40: 3. Tuyển sinh | E40: Mở tuyển sinh: form đăng ký (khảo sát trước, đồng ý dữ liệu, nguồn đăng ký) + nhóm Zalo khách | F40: Digital (ví dụ) | G40: Sales, NPP | H40: =IF(OR(B40="",O40=""),"",IF(O40>0,IF(P40="Làm việc",WORKDAY(IFERROR(IF(INDEX(SK_D,MATCH(M40,SK_A,0))="",B40,INDEX(SK_D,MATCH(M40,SK_A,0))),B40),O40,HOLI),IFERROR(IF(INDEX(SK_D,MATCH(M40,SK_A,0))="",B40,INDEX(SK_D,MATCH(M40,SK_A,0))),B40)+O40),B40+O40)) | I40: Xong | J40: 46302 | L40: =IF(E40="","",IF(I40="Bỏ qua","—",IF(I40="Xong",IF(AND(ISNUMBER(J40),ISNUMBER(H40),J40>H40),"Xong trễ","Xong"),IF(F40="","CHƯA GIAO","")&IF(NOT(ISNUMBER(H40)),"",IF(TODAY()>H40,IF(F40=""," · ","")&"QUÁ HẠN "&(TODAY()-H40)&" ngày",IF(H40-TODAY()<=3,IF(F40=""," · ","")&"Đến hạn "&IF(H40=TODAY(),"hôm nay","trong "&(H40-TODAY())&" ngày"),"")))))) | M40: VD-2 | N40: K04 | O40: -30 | P40: Lịch | Q40: =IF(AND(E40<>"",R40="Có",I40<>"Xong",I40<>"Bỏ qua",ISNUMBER(H40)),H40+ROW()/100000,"") | R40: =IF(M40="","",IFERROR(INDEX(SK_L,MATCH(M40,SK_A,0)),""))
A41: =IF(M41="","",IFERROR(INDEX(SK_B,MATCH(M41,SK_A,0))&"","")) | B41: =IF(M41="","",IFERROR(INDEX(SK_C,MATCH(M41,SK_A,0)),"")) | C41: =IF(O41="","",IF(O41=0,"D",IF(O41<0,"D"&O41,"D+"&O41))) | D41: 3. Tuyển sinh | E41: Báo cáo số đăng ký theo nguồn cho team (thứ Hai hằng tuần, đến D-1) | F41: Leader MKT (ví dụ) | G41: Sales, NPP | H41: =IF(OR(B41="",O41=""),"",IF(O41>0,IF(P41="Làm việc",WORKDAY(IFERROR(IF(INDEX(SK_D,MATCH(M41,SK_A,0))="",B41,INDEX(SK_D,MATCH(M41,SK_A,0))),B41),O41,HOLI),IFERROR(IF(INDEX(SK_D,MATCH(M41,SK_A,0))="",B41,INDEX(SK_D,MATCH(M41,SK_A,0))),B41)+O41),B41+O41)) | I41: Chưa làm | L41: =IF(E41="","",IF(I41="Bỏ qua","—",IF(I41="Xong",IF(AND(ISNUMBER(J41),ISNUMBER(H41),J41>H41),"Xong trễ","Xong"),IF(F41="","CHƯA GIAO","")&IF(NOT(ISNUMBER(H41)),"",IF(TODAY()>H41,IF(F41=""," · ","")&"QUÁ HẠN "&(TODAY()-H41)&" ngày",IF(H41-TODAY()<=3,IF(F41=""," · ","")&"Đến hạn "&IF(H41=TODAY(),"hôm nay","trong "&(H41-TODAY())&" ngày"),"")))))) | M41: VD-2 | N41: K05 | O41: -1 | P41: Lịch | Q41: =IF(AND(E41<>"",R41="Có",I41<>"Xong",I41<>"Bỏ qua",ISNUMBER(H41)),H41+ROW()/100000,"") | R41: =IF(M41="","",IFERROR(INDEX(SK_L,MATCH(M41,SK_A,0)),""))
A42: =IF(M42="","",IFERROR(INDEX(SK_B,MATCH(M42,SK_A,0))&"","")) | B42: =IF(M42="","",IFERROR(INDEX(SK_C,MATCH(M42,SK_A,0)),"")) | C42: =IF(O42="","",IF(O42=0,"D",IF(O42<0,"D"&O42,"D+"&O42))) | D42: 3. Tuyển sinh | E42: Checkpoint D-14: đăng ký < 60% target ⇒ báo Giám đốc phương án | F42: Leader MKT (ví dụ) | G42: Giám đốc | H42: =IF(OR(B42="",O42=""),"",IF(O42>0,IF(P42="Làm việc",WORKDAY(IFERROR(IF(INDEX(SK_D,MATCH(M42,SK_A,0))="",B42,INDEX(SK_D,MATCH(M42,SK_A,0))),B42),O42,HOLI),IFERROR(IF(INDEX(SK_D,MATCH(M42,SK_A,0))="",B42,INDEX(SK_D,MATCH(M42,SK_A,0))),B42)+O42),B42+O42)) | I42: Xong | J42: 46321 | L42: =IF(E42="","",IF(I42="Bỏ qua","—",IF(I42="Xong",IF(AND(ISNUMBER(J42),ISNUMBER(H42),J42>H42),"Xong trễ","Xong"),IF(F42="","CHƯA GIAO","")&IF(NOT(ISNUMBER(H42)),"",IF(TODAY()>H42,IF(F42=""," · ","")&"QUÁ HẠN "&(TODAY()-H42)&" ngày",IF(H42-TODAY()<=3,IF(F42=""," · ","")&"Đến hạn "&IF(H42=TODAY(),"hôm nay","trong "&(H42-TODAY())&" ngày"),"")))))) | M42: VD-2 | N42: K06 | O42: -14 | P42: Lịch | Q42: =IF(AND(E42<>"",R42="Có",I42<>"Xong",I42<>"Bỏ qua",ISNUMBER(H42)),H42+ROW()/100000,"") | R42: =IF(M42="","",IFERROR(INDEX(SK_L,MATCH(M42,SK_A,0)),""))
A43: =IF(M43="","",IFERROR(INDEX(SK_B,MATCH(M43,SK_A,0))&"","")) | B43: =IF(M43="","",IFERROR(INDEX(SK_C,MATCH(M43,SK_A,0)),"")) | C43: =IF(O43="","",IF(O43=0,"D",IF(O43<0,"D"&O43,"D+"&O43))) | D43: 3. Tuyển sinh | E43: Sales / NPP gửi đủ thông tin khách đăng ký hộ (Họ tên · SĐT · Nơi công tác) | F43: Sales Dental (ví dụ) | G43: NPP | H43: =IF(OR(B43="",O43=""),"",IF(O43>0,IF(P43="Làm việc",WORKDAY(IFERROR(IF(INDEX(SK_D,MATCH(M43,SK_A,0))="",B43,INDEX(SK_D,MATCH(M43,SK_A,0))),B43),O43,HOLI),IFERROR(IF(INDEX(SK_D,MATCH(M43,SK_A,0))="",B43,INDEX(SK_D,MATCH(M43,SK_A,0))),B43)+O43),B43+O43)) | I43: Chờ đối tác | L43: =IF(E43="","",IF(I43="Bỏ qua","—",IF(I43="Xong",IF(AND(ISNUMBER(J43),ISNUMBER(H43),J43>H43),"Xong trễ","Xong"),IF(F43="","CHƯA GIAO","")&IF(NOT(ISNUMBER(H43)),"",IF(TODAY()>H43,IF(F43=""," · ","")&"QUÁ HẠN "&(TODAY()-H43)&" ngày",IF(H43-TODAY()<=3,IF(F43=""," · ","")&"Đến hạn "&IF(H43=TODAY(),"hôm nay","trong "&(H43-TODAY())&" ngày"),"")))))) | M43: VD-2 | N43: K07 | O43: -5 | P43: Lịch | Q43: =IF(AND(E43<>"",R43="Có",I43<>"Xong",I43<>"Bỏ qua",ISNUMBER(H43)),H43+ROW()/100000,"") | R43: =IF(M43="","",IFERROR(INDEX(SK_L,MATCH(M43,SK_A,0)),""))
A44: =IF(M44="","",IFERROR(INDEX(SK_B,MATCH(M44,SK_A,0))&"","")) | B44: =IF(M44="","",IFERROR(INDEX(SK_C,MATCH(M44,SK_A,0)),"")) | C44: =IF(O44="","",IF(O44=0,"D",IF(O44<0,"D"&O44,"D+"&O44))) | D44: 4. Truyền thông | E44: Đăng chuỗi bài truyền thông sự kiện | F44: Digital (ví dụ) | G44: Sales, NPP chia sẻ | H44: =IF(OR(B44="",O44=""),"",IF(O44>0,IF(P44="Làm việc",WORKDAY(IFERROR(IF(INDEX(SK_D,MATCH(M44,SK_A,0))="",B44,INDEX(SK_D,MATCH(M44,SK_A,0))),B44),O44,HOLI),IFERROR(IF(INDEX(SK_D,MATCH(M44,SK_A,0))="",B44,INDEX(SK_D,MATCH(M44,SK_A,0))),B44)+O44),B44+O44)) | I44: Đang làm | L44: =IF(E44="","",IF(I44="Bỏ qua","—",IF(I44="Xong",IF(AND(ISNUMBER(J44),ISNUMBER(H44),J44>H44),"Xong trễ","Xong"),IF(F44="","CHƯA GIAO","")&IF(NOT(ISNUMBER(H44)),"",IF(TODAY()>H44,IF(F44=""," · ","")&"QUÁ HẠN "&(TODAY()-H44)&" ngày",IF(H44-TODAY()<=3,IF(F44=""," · ","")&"Đến hạn "&IF(H44=TODAY(),"hôm nay","trong "&(H44-TODAY())&" ngày"),"")))))) | M44: VD-2 | N44: K08 | O44: -14 | P44: Lịch | Q44: =IF(AND(E44<>"",R44="Có",I44<>"Xong",I44<>"Bỏ qua",ISNUMBER(H44)),H44+ROW()/100000,"") | R44: =IF(M44="","",IFERROR(INDEX(SK_L,MATCH(M44,SK_A,0)),""))
A45: =IF(M45="","",IFERROR(INDEX(SK_B,MATCH(M45,SK_A,0))&"","")) | B45: =IF(M45="","",IFERROR(INDEX(SK_C,MATCH(M45,SK_A,0)),"")) | C45: =IF(O45="","",IF(O45=0,"D",IF(O45<0,"D"&O45,"D+"&O45))) | D45: 5. Địa điểm & hậu cần | E45: Đặt địa điểm (ngày, phòng, sức chứa, báo giá) | F45: Trade (ví dụ) | G45: Địa điểm | H45: =IF(OR(B45="",O45=""),"",IF(O45>0,IF(P45="Làm việc",WORKDAY(IFERROR(IF(INDEX(SK_D,MATCH(M45,SK_A,0))="",B45,INDEX(SK_D,MATCH(M45,SK_A,0))),B45),O45,HOLI),IFERROR(IF(INDEX(SK_D,MATCH(M45,SK_A,0))="",B45,INDEX(SK_D,MATCH(M45,SK_A,0))),B45)+O45),B45+O45)) | I45: Xong | J45: 46303 | L45: =IF(E45="","",IF(I45="Bỏ qua","—",IF(I45="Xong",IF(AND(ISNUMBER(J45),ISNUMBER(H45),J45>H45),"Xong trễ","Xong"),IF(F45="","CHƯA GIAO","")&IF(NOT(ISNUMBER(H45)),"",IF(TODAY()>H45,IF(F45=""," · ","")&"QUÁ HẠN "&(TODAY()-H45)&" ngày",IF(H45-TODAY()<=3,IF(F45=""," · ","")&"Đến hạn "&IF(H45=TODAY(),"hôm nay","trong "&(H45-TODAY())&" ngày"),"")))))) | M45: VD-2 | N45: K09 | O45: -30 | P45: Lịch | Q45: =IF(AND(E45<>"",R45="Có",I45<>"Xong",I45<>"Bỏ qua",ISNUMBER(H45)),H45+ROW()/100000,"") | R45: =IF(M45="","",IFERROR(INDEX(SK_L,MATCH(M45,SK_A,0)),""))
A46: =IF(M46="","",IFERROR(INDEX(SK_B,MATCH(M46,SK_A,0))&"","")) | B46: =IF(M46="","",IFERROR(INDEX(SK_C,MATCH(M46,SK_A,0)),"")) | C46: =IF(O46="","",IF(O46=0,"D",IF(O46<0,"D"&O46,"D+"&O46))) | D46: 5. Địa điểm & hậu cần | E46: Chốt setup với địa điểm: sơ đồ, tea break / ăn trưa, kỹ thuật, sự kiện khác cùng giờ | F46: Trade (ví dụ) | G46: Địa điểm | H46: =IF(OR(B46="",O46=""),"",IF(O46>0,IF(P46="Làm việc",WORKDAY(IFERROR(IF(INDEX(SK_D,MATCH(M46,SK_A,0))="",B46,INDEX(SK_D,MATCH(M46,SK_A,0))),B46),O46,HOLI),IFERROR(IF(INDEX(SK_D,MATCH(M46,SK_A,0))="",B46,INDEX(SK_D,MATCH(M46,SK_A,0))),B46)+O46),B46+O46)) | I46: Xong | J46: 46320 | L46: =IF(E46="","",IF(I46="Bỏ qua","—",IF(I46="Xong",IF(AND(ISNUMBER(J46),ISNUMBER(H46),J46>H46),"Xong trễ","Xong"),IF(F46="","CHƯA GIAO","")&IF(NOT(ISNUMBER(H46)),"",IF(TODAY()>H46,IF(F46=""," · ","")&"QUÁ HẠN "&(TODAY()-H46)&" ngày",IF(H46-TODAY()<=3,IF(F46=""," · ","")&"Đến hạn "&IF(H46=TODAY(),"hôm nay","trong "&(H46-TODAY())&" ngày"),"")))))) | M46: VD-2 | N46: K10 | O46: -14 | P46: Lịch | Q46: =IF(AND(E46<>"",R46="Có",I46<>"Xong",I46<>"Bỏ qua",ISNUMBER(H46)),H46+ROW()/100000,"") | R46: =IF(M46="","",IFERROR(INDEX(SK_L,MATCH(M46,SK_A,0)),""))
A47: =IF(M47="","",IFERROR(INDEX(SK_B,MATCH(M47,SK_A,0))&"","")) | B47: =IF(M47="","",IFERROR(INDEX(SK_C,MATCH(M47,SK_A,0)),"")) | C47: =IF(O47="","",IF(O47=0,"D",IF(O47<0,"D"&O47,"D+"&O47))) | D47: 6. Nội dung | E47: Timeline chi tiết ngày D | F47: Leader MKT (ví dụ) | G47: KOL, Viện | H47: =IF(OR(B47="",O47=""),"",IF(O47>0,IF(P47="Làm việc",WORKDAY(IFERROR(IF(INDEX(SK_D,MATCH(M47,SK_A,0))="",B47,INDEX(SK_D,MATCH(M47,SK_A,0))),B47),O47,HOLI),IFERROR(IF(INDEX(SK_D,MATCH(M47,SK_A,0))="",B47,INDEX(SK_D,MATCH(M47,SK_A,0))),B47)+O47),B47+O47)) | I47: Đang làm | L47: =IF(E47="","",IF(I47="Bỏ qua","—",IF(I47="Xong",IF(AND(ISNUMBER(J47),ISNUMBER(H47),J47>H47),"Xong trễ","Xong"),IF(F47="","CHƯA GIAO","")&IF(NOT(ISNUMBER(H47)),"",IF(TODAY()>H47,IF(F47=""," · ","")&"QUÁ HẠN "&(TODAY()-H47)&" ngày",IF(H47-TODAY()<=3,IF(F47=""," · ","")&"Đến hạn "&IF(H47=TODAY(),"hôm nay","trong "&(H47-TODAY())&" ngày"),"")))))) | M47: VD-2 | N47: K12 | O47: -7 | P47: Lịch | Q47: =IF(AND(E47<>"",R47="Có",I47<>"Xong",I47<>"Bỏ qua",ISNUMBER(H47)),H47+ROW()/100000,"") | R47: =IF(M47="","",IFERROR(INDEX(SK_L,MATCH(M47,SK_A,0)),""))
A48: =IF(M48="","",IFERROR(INDEX(SK_B,MATCH(M48,SK_A,0))&"","")) | B48: =IF(M48="","",IFERROR(INDEX(SK_C,MATCH(M48,SK_A,0)),"")) | C48: =IF(O48="","",IF(O48=0,"D",IF(O48<0,"D"&O48,"D+"&O48))) | D48: 6. Nội dung | E48: Kịch bản MC, kịch bản phát biểu, video trình chiếu | F48: Digital (ví dụ) | G48: KOL, Viện | H48: =IF(OR(B48="",O48=""),"",IF(O48>0,IF(P48="Làm việc",WORKDAY(IFERROR(IF(INDEX(SK_D,MATCH(M48,SK_A,0))="",B48,INDEX(SK_D,MATCH(M48,SK_A,0))),B48),O48,HOLI),IFERROR(IF(INDEX(SK_D,MATCH(M48,SK_A,0))="",B48,INDEX(SK_D,MATCH(M48,SK_A,0))),B48)+O48),B48+O48)) | I48: Đang làm | L48: =IF(E48="","",IF(I48="Bỏ qua","—",IF(I48="Xong",IF(AND(ISNUMBER(J48),ISNUMBER(H48),J48>H48),"Xong trễ","Xong"),IF(F48="","CHƯA GIAO","")&IF(NOT(ISNUMBER(H48)),"",IF(TODAY()>H48,IF(F48=""," · ","")&"QUÁ HẠN "&(TODAY()-H48)&" ngày",IF(H48-TODAY()<=3,IF(F48=""," · ","")&"Đến hạn "&IF(H48=TODAY(),"hôm nay","trong "&(H48-TODAY())&" ngày"),"")))))) | M48: VD-2 | N48: K13 | O48: -7 | P48: Lịch | Q48: =IF(AND(E48<>"",R48="Có",I48<>"Xong",I48<>"Bỏ qua",ISNUMBER(H48)),H48+ROW()/100000,"") | R48: =IF(M48="","",IFERROR(INDEX(SK_L,MATCH(M48,SK_A,0)),""))
A49: =IF(M49="","",IFERROR(INDEX(SK_B,MATCH(M49,SK_A,0))&"","")) | B49: =IF(M49="","",IFERROR(INDEX(SK_C,MATCH(M49,SK_A,0)),"")) | C49: =IF(O49="","",IF(O49=0,"D",IF(O49<0,"D"&O49,"D+"&O49))) | D49: 7. Ấn phẩm & đồ | E49: Thiết kế & in: backdrop, standee, thẻ đeo, bảng tên, folder, QR khảo sát, biểu mẫu check-in ký tay | F49: Digital (ví dụ) | G49: Trade MKT | H49: =IF(OR(B49="",O49=""),"",IF(O49>0,IF(P49="Làm việc",WORKDAY(IFERROR(IF(INDEX(SK_D,MATCH(M49,SK_A,0))="",B49,INDEX(SK_D,MATCH(M49,SK_A,0))),B49),O49,HOLI),IFERROR(IF(INDEX(SK_D,MATCH(M49,SK_A,0))="",B49,INDEX(SK_D,MATCH(M49,SK_A,0))),B49)+O49),B49+O49)) | I49: Đang làm | L49: =IF(E49="","",IF(I49="Bỏ qua","—",IF(I49="Xong",IF(AND(ISNUMBER(J49),ISNUMBER(H49),J49>H49),"Xong trễ","Xong"),IF(F49="","CHƯA GIAO","")&IF(NOT(ISNUMBER(H49)),"",IF(TODAY()>H49,IF(F49=""," · ","")&"QUÁ HẠN "&(TODAY()-H49)&" ngày",IF(H49-TODAY()<=3,IF(F49=""," · ","")&"Đến hạn "&IF(H49=TODAY(),"hôm nay","trong "&(H49-TODAY())&" ngày"),"")))))) | M49: VD-2 | N49: K14 | O49: -7 | P49: Lịch | Q49: =IF(AND(E49<>"",R49="Có",I49<>"Xong",I49<>"Bỏ qua",ISNUMBER(H49)),H49+ROW()/100000,"") | R49: =IF(M49="","",IFERROR(INDEX(SK_L,MATCH(M49,SK_A,0)),""))
A50: =IF(M50="","",IFERROR(INDEX(SK_B,MATCH(M50,SK_A,0))&"","")) | B50: =IF(M50="","",IFERROR(INDEX(SK_C,MATCH(M50,SK_A,0)),"")) | C50: =IF(O50="","",IF(O50=0,"D",IF(O50<0,"D"&O50,"D+"&O50))) | D50: 7. Ấn phẩm & đồ | E50: Đồ marketing + đồ thực hành theo phiên (nguồn, báo giá, đồ mượn) | F50: Trade (ví dụ) | G50: KOL, NPP | H50: =IF(OR(B50="",O50=""),"",IF(O50>0,IF(P50="Làm việc",WORKDAY(IFERROR(IF(INDEX(SK_D,MATCH(M50,SK_A,0))="",B50,INDEX(SK_D,MATCH(M50,SK_A,0))),B50),O50,HOLI),IFERROR(IF(INDEX(SK_D,MATCH(M50,SK_A,0))="",B50,INDEX(SK_D,MATCH(M50,SK_A,0))),B50)+O50),B50+O50)) | I50: Xong | J50: 46324 | L50: =IF(E50="","",IF(I50="Bỏ qua","—",IF(I50="Xong",IF(AND(ISNUMBER(J50),ISNUMBER(H50),J50>H50),"Xong trễ","Xong"),IF(F50="","CHƯA GIAO","")&IF(NOT(ISNUMBER(H50)),"",IF(TODAY()>H50,IF(F50=""," · ","")&"QUÁ HẠN "&(TODAY()-H50)&" ngày",IF(H50-TODAY()<=3,IF(F50=""," · ","")&"Đến hạn "&IF(H50=TODAY(),"hôm nay","trong "&(H50-TODAY())&" ngày"),"")))))) | M50: VD-2 | N50: K15 | O50: -10 | P50: Lịch | Q50: =IF(AND(E50<>"",R50="Có",I50<>"Xong",I50<>"Bỏ qua",ISNUMBER(H50)),H50+ROW()/100000,"") | R50: =IF(M50="","",IFERROR(INDEX(SK_L,MATCH(M50,SK_A,0)),""))
A51: =IF(M51="","",IFERROR(INDEX(SK_B,MATCH(M51,SK_A,0))&"","")) | B51: =IF(M51="","",IFERROR(INDEX(SK_C,MATCH(M51,SK_A,0)),"")) | C51: =IF(O51="","",IF(O51=0,"D",IF(O51<0,"D"&O51,"D+"&O51))) | D51: 7. Ấn phẩm & đồ | E51: VIP / đại biểu (nếu có Viện): danh sách, hoa, bảng tên mica, quà, lời giới thiệu | F51: Trade (ví dụ) | G51: Viện | H51: =IF(OR(B51="",O51=""),"",IF(O51>0,IF(P51="Làm việc",WORKDAY(IFERROR(IF(INDEX(SK_D,MATCH(M51,SK_A,0))="",B51,INDEX(SK_D,MATCH(M51,SK_A,0))),B51),O51,HOLI),IFERROR(IF(INDEX(SK_D,MATCH(M51,SK_A,0))="",B51,INDEX(SK_D,MATCH(M51,SK_A,0))),B51)+O51),B51+O51)) | I51: Chờ đối tác | L51: =IF(E51="","",IF(I51="Bỏ qua","—",IF(I51="Xong",IF(AND(ISNUMBER(J51),ISNUMBER(H51),J51>H51),"Xong trễ","Xong"),IF(F51="","CHƯA GIAO","")&IF(NOT(ISNUMBER(H51)),"",IF(TODAY()>H51,IF(F51=""," · ","")&"QUÁ HẠN "&(TODAY()-H51)&" ngày",IF(H51-TODAY()<=3,IF(F51=""," · ","")&"Đến hạn "&IF(H51=TODAY(),"hôm nay","trong "&(H51-TODAY())&" ngày"),"")))))) | M51: VD-2 | N51: K16 | O51: -7 | P51: Lịch | Q51: =IF(AND(E51<>"",R51="Có",I51<>"Xong",I51<>"Bỏ qua",ISNUMBER(H51)),H51+ROW()/100000,"") | R51: =IF(M51="","",IFERROR(INDEX(SK_L,MATCH(M51,SK_A,0)),""))
A52: =IF(M52="","",IFERROR(INDEX(SK_B,MATCH(M52,SK_A,0))&"","")) | B52: =IF(M52="","",IFERROR(INDEX(SK_C,MATCH(M52,SK_A,0)),"")) | C52: =IF(O52="","",IF(O52=0,"D",IF(O52<0,"D"&O52,"D+"&O52))) | D52: 8. Chốt trước D | E52: Họp với NPP: agenda, nhân sự, bán hàng, sản phẩm | F52: Leader MKT (ví dụ) | G52: NPP, Sales | H52: =IF(OR(B52="",O52=""),"",IF(O52>0,IF(P52="Làm việc",WORKDAY(IFERROR(IF(INDEX(SK_D,MATCH(M52,SK_A,0))="",B52,INDEX(SK_D,MATCH(M52,SK_A,0))),B52),O52,HOLI),IFERROR(IF(INDEX(SK_D,MATCH(M52,SK_A,0))="",B52,INDEX(SK_D,MATCH(M52,SK_A,0))),B52)+O52),B52+O52)) | I52: Đang làm | L52: =IF(E52="","",IF(I52="Bỏ qua","—",IF(I52="Xong",IF(AND(ISNUMBER(J52),ISNUMBER(H52),J52>H52),"Xong trễ","Xong"),IF(F52="","CHƯA GIAO","")&IF(NOT(ISNUMBER(H52)),"",IF(TODAY()>H52,IF(F52=""," · ","")&"QUÁ HẠN "&(TODAY()-H52)&" ngày",IF(H52-TODAY()<=3,IF(F52=""," · ","")&"Đến hạn "&IF(H52=TODAY(),"hôm nay","trong "&(H52-TODAY())&" ngày"),"")))))) | M52: VD-2 | N52: K18 | O52: -3 | P52: Lịch | Q52: =IF(AND(E52<>"",R52="Có",I52<>"Xong",I52<>"Bỏ qua",ISNUMBER(H52)),H52+ROW()/100000,"") | R52: =IF(M52="","",IFERROR(INDEX(SK_L,MATCH(M52,SK_A,0)),""))
A53: =IF(M53="","",IFERROR(INDEX(SK_B,MATCH(M53,SK_A,0))&"","")) | B53: =IF(M53="","",IFERROR(INDEX(SK_C,MATCH(M53,SK_A,0)),"")) | C53: =IF(O53="","",IF(O53=0,"D",IF(O53<0,"D"&O53,"D+"&O53))) | D53: 8. Chốt trước D | E53: Rà soát dữ liệu khách (thiếu thông tin / chưa đồng ý dữ liệu) | F53: Digital (ví dụ) | G53: Sales, NPP | H53: =IF(OR(B53="",O53=""),"",IF(O53>0,IF(P53="Làm việc",WORKDAY(IFERROR(IF(INDEX(SK_D,MATCH(M53,SK_A,0))="",B53,INDEX(SK_D,MATCH(M53,SK_A,0))),B53),O53,HOLI),IFERROR(IF(INDEX(SK_D,MATCH(M53,SK_A,0))="",B53,INDEX(SK_D,MATCH(M53,SK_A,0))),B53)+O53),B53+O53)) | I53: Chưa làm | L53: =IF(E53="","",IF(I53="Bỏ qua","—",IF(I53="Xong",IF(AND(ISNUMBER(J53),ISNUMBER(H53),J53>H53),"Xong trễ","Xong"),IF(F53="","CHƯA GIAO","")&IF(NOT(ISNUMBER(H53)),"",IF(TODAY()>H53,IF(F53=""," · ","")&"QUÁ HẠN "&(TODAY()-H53)&" ngày",IF(H53-TODAY()<=3,IF(F53=""," · ","")&"Đến hạn "&IF(H53=TODAY(),"hôm nay","trong "&(H53-TODAY())&" ngày"),"")))))) | M53: VD-2 | N53: K19 | O53: -3 | P53: Lịch | Q53: =IF(AND(E53<>"",R53="Có",I53<>"Xong",I53<>"Bỏ qua",ISNUMBER(H53)),H53+ROW()/100000,"") | R53: =IF(M53="","",IFERROR(INDEX(SK_L,MATCH(M53,SK_A,0)),""))
A54: =IF(M54="","",IFERROR(INDEX(SK_B,MATCH(M54,SK_A,0))&"","")) | B54: =IF(M54="","",IFERROR(INDEX(SK_C,MATCH(M54,SK_A,0)),"")) | C54: =IF(O54="","",IF(O54=0,"D",IF(O54<0,"D"&O54,"D+"&O54))) | D54: 8. Chốt trước D | E54: Phân công nhân sự trước / trong / sau, giờ có mặt | F54: Leader MKT (ví dụ) | G54: Sales, NPP | H54: =IF(OR(B54="",O54=""),"",IF(O54>0,IF(P54="Làm việc",WORKDAY(IFERROR(IF(INDEX(SK_D,MATCH(M54,SK_A,0))="",B54,INDEX(SK_D,MATCH(M54,SK_A,0))),B54),O54,HOLI),IFERROR(IF(INDEX(SK_D,MATCH(M54,SK_A,0))="",B54,INDEX(SK_D,MATCH(M54,SK_A,0))),B54)+O54),B54+O54)) | I54: Chưa làm | L54: =IF(E54="","",IF(I54="Bỏ qua","—",IF(I54="Xong",IF(AND(ISNUMBER(J54),ISNUMBER(H54),J54>H54),"Xong trễ","Xong"),IF(F54="","CHƯA GIAO","")&IF(NOT(ISNUMBER(H54)),"",IF(TODAY()>H54,IF(F54=""," · ","")&"QUÁ HẠN "&(TODAY()-H54)&" ngày",IF(H54-TODAY()<=3,IF(F54=""," · ","")&"Đến hạn "&IF(H54=TODAY(),"hôm nay","trong "&(H54-TODAY())&" ngày"),"")))))) | M54: VD-2 | N54: K20 | O54: -3 | P54: Lịch | Q54: =IF(AND(E54<>"",R54="Có",I54<>"Xong",I54<>"Bỏ qua",ISNUMBER(H54)),H54+ROW()/100000,"") | R54: =IF(M54="","",IFERROR(INDEX(SK_L,MATCH(M54,SK_A,0)),""))
A55: =IF(M55="","",IFERROR(INDEX(SK_B,MATCH(M55,SK_A,0))&"","")) | B55: =IF(M55="","",IFERROR(INDEX(SK_C,MATCH(M55,SK_A,0)),"")) | C55: =IF(O55="","",IF(O55=0,"D",IF(O55<0,"D"&O55,"D+"&O55))) | D55: 8. Chốt trước D | E55: Họp review D-1 + gọi nhắc khách + set up địa điểm / chạy thử Zoom | F55: Leader MKT (ví dụ) | G55: Toàn team | H55: =IF(OR(B55="",O55=""),"",IF(O55>0,IF(P55="Làm việc",WORKDAY(IFERROR(IF(INDEX(SK_D,MATCH(M55,SK_A,0))="",B55,INDEX(SK_D,MATCH(M55,SK_A,0))),B55),O55,HOLI),IFERROR(IF(INDEX(SK_D,MATCH(M55,SK_A,0))="",B55,INDEX(SK_D,MATCH(M55,SK_A,0))),B55)+O55),B55+O55)) | I55: Chưa làm | L55: =IF(E55="","",IF(I55="Bỏ qua","—",IF(I55="Xong",IF(AND(ISNUMBER(J55),ISNUMBER(H55),J55>H55),"Xong trễ","Xong"),IF(F55="","CHƯA GIAO","")&IF(NOT(ISNUMBER(H55)),"",IF(TODAY()>H55,IF(F55=""," · ","")&"QUÁ HẠN "&(TODAY()-H55)&" ngày",IF(H55-TODAY()<=3,IF(F55=""," · ","")&"Đến hạn "&IF(H55=TODAY(),"hôm nay","trong "&(H55-TODAY())&" ngày"),"")))))) | M55: VD-2 | N55: K21 | O55: -1 | P55: Lịch | Q55: =IF(AND(E55<>"",R55="Có",I55<>"Xong",I55<>"Bỏ qua",ISNUMBER(H55)),H55+ROW()/100000,"") | R55: =IF(M55="","",IFERROR(INDEX(SK_L,MATCH(M55,SK_A,0)),""))
A56: =IF(M56="","",IFERROR(INDEX(SK_B,MATCH(M56,SK_A,0))&"","")) | B56: =IF(M56="","",IFERROR(INDEX(SK_C,MATCH(M56,SK_A,0)),"")) | C56: =IF(O56="","",IF(O56=0,"D",IF(O56<0,"D"&O56,"D+"&O56))) | D56: 9. Ngày D | E56: Check-in có chữ ký + đồng ý dữ liệu (webinar: xuất báo cáo Zoom ngay sau buổi) | F56: Digital (ví dụ) | G56: Trade, NPP | H56: =IF(OR(B56="",O56=""),"",IF(O56>0,IF(P56="Làm việc",WORKDAY(IFERROR(IF(INDEX(SK_D,MATCH(M56,SK_A,0))="",B56,INDEX(SK_D,MATCH(M56,SK_A,0))),B56),O56,HOLI),IFERROR(IF(INDEX(SK_D,MATCH(M56,SK_A,0))="",B56,INDEX(SK_D,MATCH(M56,SK_A,0))),B56)+O56),B56+O56)) | I56: Chưa làm | L56: =IF(E56="","",IF(I56="Bỏ qua","—",IF(I56="Xong",IF(AND(ISNUMBER(J56),ISNUMBER(H56),J56>H56),"Xong trễ","Xong"),IF(F56="","CHƯA GIAO","")&IF(NOT(ISNUMBER(H56)),"",IF(TODAY()>H56,IF(F56=""," · ","")&"QUÁ HẠN "&(TODAY()-H56)&" ngày",IF(H56-TODAY()<=3,IF(F56=""," · ","")&"Đến hạn "&IF(H56=TODAY(),"hôm nay","trong "&(H56-TODAY())&" ngày"),"")))))) | M56: VD-2 | N56: K22 | O56: 0 | P56: Lịch | Q56: =IF(AND(E56<>"",R56="Có",I56<>"Xong",I56<>"Bỏ qua",ISNUMBER(H56)),H56+ROW()/100000,"") | R56: =IF(M56="","",IFERROR(INDEX(SK_L,MATCH(M56,SK_A,0)),""))
A57: =IF(M57="","",IFERROR(INDEX(SK_B,MATCH(M57,SK_A,0))&"","")) | B57: =IF(M57="","",IFERROR(INDEX(SK_C,MATCH(M57,SK_A,0)),"")) | C57: =IF(O57="","",IF(O57=0,"D",IF(O57<0,"D"&O57,"D+"&O57))) | D57: 9. Ngày D | E57: Điều phối chương trình, khảo sát QR trước bế mạc, ảnh / video | F57: Leader MKT (ví dụ) | G57: Digital MKT | H57: =IF(OR(B57="",O57=""),"",IF(O57>0,IF(P57="Làm việc",WORKDAY(IFERROR(IF(INDEX(SK_D,MATCH(M57,SK_A,0))="",B57,INDEX(SK_D,MATCH(M57,SK_A,0))),B57),O57,HOLI),IFERROR(IF(INDEX(SK_D,MATCH(M57,SK_A,0))="",B57,INDEX(SK_D,MATCH(M57,SK_A,0))),B57)+O57),B57+O57)) | I57: Chưa làm | L57: =IF(E57="","",IF(I57="Bỏ qua","—",IF(I57="Xong",IF(AND(ISNUMBER(J57),ISNUMBER(H57),J57>H57),"Xong trễ","Xong"),IF(F57="","CHƯA GIAO","")&IF(NOT(ISNUMBER(H57)),"",IF(TODAY()>H57,IF(F57=""," · ","")&"QUÁ HẠN "&(TODAY()-H57)&" ngày",IF(H57-TODAY()<=3,IF(F57=""," · ","")&"Đến hạn "&IF(H57=TODAY(),"hôm nay","trong "&(H57-TODAY())&" ngày"),"")))))) | M57: VD-2 | N57: K23 | O57: 0 | P57: Lịch | Q57: =IF(AND(E57<>"",R57="Có",I57<>"Xong",I57<>"Bỏ qua",ISNUMBER(H57)),H57+ROW()/100000,"") | R57: =IF(M57="","",IFERROR(INDEX(SK_L,MATCH(M57,SK_A,0)),""))
A58: =IF(M58="","",IFERROR(INDEX(SK_B,MATCH(M58,SK_A,0))&"","")) | B58: =IF(M58="","",IFERROR(INDEX(SK_C,MATCH(M58,SK_A,0)),"")) | C58: =IF(O58="","",IF(O58=0,"D",IF(O58<0,"D"&O58,"D+"&O58))) | D58: 9. Ngày D | E58: Bán hàng tại bàn trưng bày + ghi khách quan tâm | F58: Sales Dental (ví dụ) | G58: NPP | H58: =IF(OR(B58="",O58=""),"",IF(O58>0,IF(P58="Làm việc",WORKDAY(IFERROR(IF(INDEX(SK_D,MATCH(M58,SK_A,0))="",B58,INDEX(SK_D,MATCH(M58,SK_A,0))),B58),O58,HOLI),IFERROR(IF(INDEX(SK_D,MATCH(M58,SK_A,0))="",B58,INDEX(SK_D,MATCH(M58,SK_A,0))),B58)+O58),B58+O58)) | I58: Chưa làm | L58: =IF(E58="","",IF(I58="Bỏ qua","—",IF(I58="Xong",IF(AND(ISNUMBER(J58),ISNUMBER(H58),J58>H58),"Xong trễ","Xong"),IF(F58="","CHƯA GIAO","")&IF(NOT(ISNUMBER(H58)),"",IF(TODAY()>H58,IF(F58=""," · ","")&"QUÁ HẠN "&(TODAY()-H58)&" ngày",IF(H58-TODAY()<=3,IF(F58=""," · ","")&"Đến hạn "&IF(H58=TODAY(),"hôm nay","trong "&(H58-TODAY())&" ngày"),"")))))) | M58: VD-2 | N58: K24 | O58: 0 | P58: Lịch | Q58: =IF(AND(E58<>"",R58="Có",I58<>"Xong",I58<>"Bỏ qua",ISNUMBER(H58)),H58+ROW()/100000,"") | R58: =IF(M58="","",IFERROR(INDEX(SK_L,MATCH(M58,SK_A,0)),""))
A59: =IF(M59="","",IFERROR(INDEX(SK_B,MATCH(M59,SK_A,0))&"","")) | B59: =IF(M59="","",IFERROR(INDEX(SK_C,MATCH(M59,SK_A,0)),"")) | C59: =IF(O59="","",IF(O59=0,"D",IF(O59<0,"D"&O59,"D+"&O59))) | D59: 9. Ngày D | E59: Thu dọn, kiểm đếm, ghi POSM hỏng | F59: Trade (ví dụ) | G59: NPP | H59: =IF(OR(B59="",O59=""),"",IF(O59>0,IF(P59="Làm việc",WORKDAY(IFERROR(IF(INDEX(SK_D,MATCH(M59,SK_A,0))="",B59,INDEX(SK_D,MATCH(M59,SK_A,0))),B59),O59,HOLI),IFERROR(IF(INDEX(SK_D,MATCH(M59,SK_A,0))="",B59,INDEX(SK_D,MATCH(M59,SK_A,0))),B59)+O59),B59+O59)) | I59: Chưa làm | L59: =IF(E59="","",IF(I59="Bỏ qua","—",IF(I59="Xong",IF(AND(ISNUMBER(J59),ISNUMBER(H59),J59>H59),"Xong trễ","Xong"),IF(F59="","CHƯA GIAO","")&IF(NOT(ISNUMBER(H59)),"",IF(TODAY()>H59,IF(F59=""," · ","")&"QUÁ HẠN "&(TODAY()-H59)&" ngày",IF(H59-TODAY()<=3,IF(F59=""," · ","")&"Đến hạn "&IF(H59=TODAY(),"hôm nay","trong "&(H59-TODAY())&" ngày"),"")))))) | M59: VD-2 | N59: K25 | O59: 0 | P59: Lịch | Q59: =IF(AND(E59<>"",R59="Có",I59<>"Xong",I59<>"Bỏ qua",ISNUMBER(H59)),H59+ROW()/100000,"") | R59: =IF(M59="","",IFERROR(INDEX(SK_L,MATCH(M59,SK_A,0)),""))
A60: =IF(M60="","",IFERROR(INDEX(SK_B,MATCH(M60,SK_A,0))&"","")) | B60: =IF(M60="","",IFERROR(INDEX(SK_C,MATCH(M60,SK_A,0)),"")) | C60: =IF(O60="","",IF(O60=0,"D",IF(O60<0,"D"&O60,"D+"&O60))) | D60: 10. Sau sự kiện | E60: Bài cảm ơn + ảnh recap; video recap (nếu có) | F60: Digital (ví dụ) | H60: =IF(OR(B60="",O60=""),"",IF(O60>0,IF(P60="Làm việc",WORKDAY(IFERROR(IF(INDEX(SK_D,MATCH(M60,SK_A,0))="",B60,INDEX(SK_D,MATCH(M60,SK_A,0))),B60),O60,HOLI),IFERROR(IF(INDEX(SK_D,MATCH(M60,SK_A,0))="",B60,INDEX(SK_D,MATCH(M60,SK_A,0))),B60)+O60),B60+O60)) | I60: Chưa làm | L60: =IF(E60="","",IF(I60="Bỏ qua","—",IF(I60="Xong",IF(AND(ISNUMBER(J60),ISNUMBER(H60),J60>H60),"Xong trễ","Xong"),IF(F60="","CHƯA GIAO","")&IF(NOT(ISNUMBER(H60)),"",IF(TODAY()>H60,IF(F60=""," · ","")&"QUÁ HẠN "&(TODAY()-H60)&" ngày",IF(H60-TODAY()<=3,IF(F60=""," · ","")&"Đến hạn "&IF(H60=TODAY(),"hôm nay","trong "&(H60-TODAY())&" ngày"),"")))))) | M60: VD-2 | N60: K26 | O60: 2 | P60: Làm việc | Q60: =IF(AND(E60<>"",R60="Có",I60<>"Xong",I60<>"Bỏ qua",ISNUMBER(H60)),H60+ROW()/100000,"") | R60: =IF(M60="","",IFERROR(INDEX(SK_L,MATCH(M60,SK_A,0)),""))
A61: =IF(M61="","",IFERROR(INDEX(SK_B,MATCH(M61,SK_A,0))&"","")) | B61: =IF(M61="","",IFERROR(INDEX(SK_C,MATCH(M61,SK_A,0)),"")) | C61: =IF(O61="","",IF(O61=0,"D",IF(O61<0,"D"&O61,"D+"&O61))) | D61: 10. Sau sự kiện | E61: Scan biểu mẫu ký tay + upload ảnh / video lên folder sự kiện | F61: Trade (ví dụ) | G61: Digital MKT | H61: =IF(OR(B61="",O61=""),"",IF(O61>0,IF(P61="Làm việc",WORKDAY(IFERROR(IF(INDEX(SK_D,MATCH(M61,SK_A,0))="",B61,INDEX(SK_D,MATCH(M61,SK_A,0))),B61),O61,HOLI),IFERROR(IF(INDEX(SK_D,MATCH(M61,SK_A,0))="",B61,INDEX(SK_D,MATCH(M61,SK_A,0))),B61)+O61),B61+O61)) | I61: Chưa làm | L61: =IF(E61="","",IF(I61="Bỏ qua","—",IF(I61="Xong",IF(AND(ISNUMBER(J61),ISNUMBER(H61),J61>H61),"Xong trễ","Xong"),IF(F61="","CHƯA GIAO","")&IF(NOT(ISNUMBER(H61)),"",IF(TODAY()>H61,IF(F61=""," · ","")&"QUÁ HẠN "&(TODAY()-H61)&" ngày",IF(H61-TODAY()<=3,IF(F61=""," · ","")&"Đến hạn "&IF(H61=TODAY(),"hôm nay","trong "&(H61-TODAY())&" ngày"),"")))))) | M61: VD-2 | N61: K27 | O61: 2 | P61: Làm việc | Q61: =IF(AND(E61<>"",R61="Có",I61<>"Xong",I61<>"Bỏ qua",ISNUMBER(H61)),H61+ROW()/100000,"") | R61: =IF(M61="","",IFERROR(INDEX(SK_L,MATCH(M61,SK_A,0)),""))
A62: =IF(M62="","",IFERROR(INDEX(SK_B,MATCH(M62,SK_A,0))&"","")) | B62: =IF(M62="","",IFERROR(INDEX(SK_C,MATCH(M62,SK_A,0)),"")) | C62: =IF(O62="","",IF(O62=0,"D",IF(O62<0,"D"&O62,"D+"&O62))) | D62: 10. Sau sự kiện | E62: Đối chiếu dữ liệu khách (loại trùng, đủ trường) ⇒ CUSTOMER LIST; tổng hợp khảo sát | F62: Digital (ví dụ) | G62: Sales, NPP | H62: =IF(OR(B62="",O62=""),"",IF(O62>0,IF(P62="Làm việc",WORKDAY(IFERROR(IF(INDEX(SK_D,MATCH(M62,SK_A,0))="",B62,INDEX(SK_D,MATCH(M62,SK_A,0))),B62),O62,HOLI),IFERROR(IF(INDEX(SK_D,MATCH(M62,SK_A,0))="",B62,INDEX(SK_D,MATCH(M62,SK_A,0))),B62)+O62),B62+O62)) | I62: Chưa làm | L62: =IF(E62="","",IF(I62="Bỏ qua","—",IF(I62="Xong",IF(AND(ISNUMBER(J62),ISNUMBER(H62),J62>H62),"Xong trễ","Xong"),IF(F62="","CHƯA GIAO","")&IF(NOT(ISNUMBER(H62)),"",IF(TODAY()>H62,IF(F62=""," · ","")&"QUÁ HẠN "&(TODAY()-H62)&" ngày",IF(H62-TODAY()<=3,IF(F62=""," · ","")&"Đến hạn "&IF(H62=TODAY(),"hôm nay","trong "&(H62-TODAY())&" ngày"),"")))))) | M62: VD-2 | N62: K28 | O62: 3 | P62: Làm việc | Q62: =IF(AND(E62<>"",R62="Có",I62<>"Xong",I62<>"Bỏ qua",ISNUMBER(H62)),H62+ROW()/100000,"") | R62: =IF(M62="","",IFERROR(INDEX(SK_L,MATCH(M62,SK_A,0)),""))
A63: =IF(M63="","",IFERROR(INDEX(SK_B,MATCH(M63,SK_A,0))&"","")) | B63: =IF(M63="","",IFERROR(INDEX(SK_C,MATCH(M63,SK_A,0)),"")) | C63: =IF(O63="","",IF(O63=0,"D",IF(O63<0,"D"&O63,"D+"&O63))) | D63: 10. Sau sự kiện | E63: Sales + NPP gửi số liệu bán hàng tại sự kiện | F63: Sales Dental (ví dụ) | G63: NPP | H63: =IF(OR(B63="",O63=""),"",IF(O63>0,IF(P63="Làm việc",WORKDAY(IFERROR(IF(INDEX(SK_D,MATCH(M63,SK_A,0))="",B63,INDEX(SK_D,MATCH(M63,SK_A,0))),B63),O63,HOLI),IFERROR(IF(INDEX(SK_D,MATCH(M63,SK_A,0))="",B63,INDEX(SK_D,MATCH(M63,SK_A,0))),B63)+O63),B63+O63)) | I63: Chưa làm | L63: =IF(E63="","",IF(I63="Bỏ qua","—",IF(I63="Xong",IF(AND(ISNUMBER(J63),ISNUMBER(H63),J63>H63),"Xong trễ","Xong"),IF(F63="","CHƯA GIAO","")&IF(NOT(ISNUMBER(H63)),"",IF(TODAY()>H63,IF(F63=""," · ","")&"QUÁ HẠN "&(TODAY()-H63)&" ngày",IF(H63-TODAY()<=3,IF(F63=""," · ","")&"Đến hạn "&IF(H63=TODAY(),"hôm nay","trong "&(H63-TODAY())&" ngày"),"")))))) | M63: VD-2 | N63: K29 | O63: 3 | P63: Làm việc | Q63: =IF(AND(E63<>"",R63="Có",I63<>"Xong",I63<>"Bỏ qua",ISNUMBER(H63)),H63+ROW()/100000,"") | R63: =IF(M63="","",IFERROR(INDEX(SK_L,MATCH(M63,SK_A,0)),""))
A64: =IF(M64="","",IFERROR(INDEX(SK_B,MATCH(M64,SK_A,0))&"","")) | B64: =IF(M64="","",IFERROR(INDEX(SK_C,MATCH(M64,SK_A,0)),"")) | C64: =IF(O64="","",IF(O64=0,"D",IF(O64<0,"D"&O64,"D+"&O64))) | D64: 10. Sau sự kiện | E64: Bàn giao danh sách khách cần follow-up cho Sales | F64: Digital (ví dụ) | G64: Sales | H64: =IF(OR(B64="",O64=""),"",IF(O64>0,IF(P64="Làm việc",WORKDAY(IFERROR(IF(INDEX(SK_D,MATCH(M64,SK_A,0))="",B64,INDEX(SK_D,MATCH(M64,SK_A,0))),B64),O64,HOLI),IFERROR(IF(INDEX(SK_D,MATCH(M64,SK_A,0))="",B64,INDEX(SK_D,MATCH(M64,SK_A,0))),B64)+O64),B64+O64)) | I64: Chưa làm | L64: =IF(E64="","",IF(I64="Bỏ qua","—",IF(I64="Xong",IF(AND(ISNUMBER(J64),ISNUMBER(H64),J64>H64),"Xong trễ","Xong"),IF(F64="","CHƯA GIAO","")&IF(NOT(ISNUMBER(H64)),"",IF(TODAY()>H64,IF(F64=""," · ","")&"QUÁ HẠN "&(TODAY()-H64)&" ngày",IF(H64-TODAY()<=3,IF(F64=""," · ","")&"Đến hạn "&IF(H64=TODAY(),"hôm nay","trong "&(H64-TODAY())&" ngày"),"")))))) | M64: VD-2 | N64: K30 | O64: 3 | P64: Làm việc | Q64: =IF(AND(E64<>"",R64="Có",I64<>"Xong",I64<>"Bỏ qua",ISNUMBER(H64)),H64+ROW()/100000,"") | R64: =IF(M64="","",IFERROR(INDEX(SK_L,MATCH(M64,SK_A,0)),""))
A65: =IF(M65="","",IFERROR(INDEX(SK_B,MATCH(M65,SK_A,0))&"","")) | B65: =IF(M65="","",IFERROR(INDEX(SK_C,MATCH(M65,SK_A,0)),"")) | C65: =IF(O65="","",IF(O65=0,"D",IF(O65<0,"D"&O65,"D+"&O65))) | D65: 10. Sau sự kiện | E65: Báo cáo sự kiện + chứng từ KOL, hoá đơn địa điểm | F65: Leader MKT (ví dụ) | G65: Trade MKT | H65: =IF(OR(B65="",O65=""),"",IF(O65>0,IF(P65="Làm việc",WORKDAY(IFERROR(IF(INDEX(SK_D,MATCH(M65,SK_A,0))="",B65,INDEX(SK_D,MATCH(M65,SK_A,0))),B65),O65,HOLI),IFERROR(IF(INDEX(SK_D,MATCH(M65,SK_A,0))="",B65,INDEX(SK_D,MATCH(M65,SK_A,0))),B65)+O65),B65+O65)) | I65: Chưa làm | L65: =IF(E65="","",IF(I65="Bỏ qua","—",IF(I65="Xong",IF(AND(ISNUMBER(J65),ISNUMBER(H65),J65>H65),"Xong trễ","Xong"),IF(F65="","CHƯA GIAO","")&IF(NOT(ISNUMBER(H65)),"",IF(TODAY()>H65,IF(F65=""," · ","")&"QUÁ HẠN "&(TODAY()-H65)&" ngày",IF(H65-TODAY()<=3,IF(F65=""," · ","")&"Đến hạn "&IF(H65=TODAY(),"hôm nay","trong "&(H65-TODAY())&" ngày"),"")))))) | M65: VD-2 | N65: K31 | O65: 5 | P65: Làm việc | Q65: =IF(AND(E65<>"",R65="Có",I65<>"Xong",I65<>"Bỏ qua",ISNUMBER(H65)),H65+ROW()/100000,"") | R65: =IF(M65="","",IFERROR(INDEX(SK_L,MATCH(M65,SK_A,0)),""))
A66: =IF(M66="","",IFERROR(INDEX(SK_B,MATCH(M66,SK_A,0))&"","")) | B66: =IF(M66="","",IFERROR(INDEX(SK_C,MATCH(M66,SK_A,0)),"")) | C66: =IF(O66="","",IF(O66=0,"D",IF(O66<0,"D"&O66,"D+"&O66))) | D66: 10. Sau sự kiện | E66: Email báo cáo toàn MMH (4 file đính kèm) + hoàn tất lưu hồ sơ | F66: Leader MKT (ví dụ) | H66: =IF(OR(B66="",O66=""),"",IF(O66>0,IF(P66="Làm việc",WORKDAY(IFERROR(IF(INDEX(SK_D,MATCH(M66,SK_A,0))="",B66,INDEX(SK_D,MATCH(M66,SK_A,0))),B66),O66,HOLI),IFERROR(IF(INDEX(SK_D,MATCH(M66,SK_A,0))="",B66,INDEX(SK_D,MATCH(M66,SK_A,0))),B66)+O66),B66+O66)) | I66: Chưa làm | L66: =IF(E66="","",IF(I66="Bỏ qua","—",IF(I66="Xong",IF(AND(ISNUMBER(J66),ISNUMBER(H66),J66>H66),"Xong trễ","Xong"),IF(F66="","CHƯA GIAO","")&IF(NOT(ISNUMBER(H66)),"",IF(TODAY()>H66,IF(F66=""," · ","")&"QUÁ HẠN "&(TODAY()-H66)&" ngày",IF(H66-TODAY()<=3,IF(F66=""," · ","")&"Đến hạn "&IF(H66=TODAY(),"hôm nay","trong "&(H66-TODAY())&" ngày"),"")))))) | M66: VD-2 | N66: K32 | O66: 7 | P66: Làm việc | Q66: =IF(AND(E66<>"",R66="Có",I66<>"Xong",I66<>"Bỏ qua",ISNUMBER(H66)),H66+ROW()/100000,"") | R66: =IF(M66="","",IFERROR(INDEX(SK_L,MATCH(M66,SK_A,0)),""))
A67: =IF(M67="","",IFERROR(INDEX(SK_B,MATCH(M67,SK_A,0))&"","")) | B67: =IF(M67="","",IFERROR(INDEX(SK_C,MATCH(M67,SK_A,0)),"")) | C67: =IF(O67="","",IF(O67=0,"D",IF(O67<0,"D"&O67,"D+"&O67))) | D67: 11. Follow-up | E67: Sales liên hệ lần đầu khách cần follow-up | F67: Sales Dental (ví dụ) | G67: NPP | H67: =IF(OR(B67="",O67=""),"",IF(O67>0,IF(P67="Làm việc",WORKDAY(IFERROR(IF(INDEX(SK_D,MATCH(M67,SK_A,0))="",B67,INDEX(SK_D,MATCH(M67,SK_A,0))),B67),O67,HOLI),IFERROR(IF(INDEX(SK_D,MATCH(M67,SK_A,0))="",B67,INDEX(SK_D,MATCH(M67,SK_A,0))),B67)+O67),B67+O67)) | I67: Chưa làm | L67: =IF(E67="","",IF(I67="Bỏ qua","—",IF(I67="Xong",IF(AND(ISNUMBER(J67),ISNUMBER(H67),J67>H67),"Xong trễ","Xong"),IF(F67="","CHƯA GIAO","")&IF(NOT(ISNUMBER(H67)),"",IF(TODAY()>H67,IF(F67=""," · ","")&"QUÁ HẠN "&(TODAY()-H67)&" ngày",IF(H67-TODAY()<=3,IF(F67=""," · ","")&"Đến hạn "&IF(H67=TODAY(),"hôm nay","trong "&(H67-TODAY())&" ngày"),"")))))) | M67: VD-2 | N67: K33 | O67: 5 | P67: Làm việc | Q67: =IF(AND(E67<>"",R67="Có",I67<>"Xong",I67<>"Bỏ qua",ISNUMBER(H67)),H67+ROW()/100000,"") | R67: =IF(M67="","",IFERROR(INDEX(SK_L,MATCH(M67,SK_A,0)),""))
A68: =IF(M68="","",IFERROR(INDEX(SK_B,MATCH(M68,SK_A,0))&"","")) | B68: =IF(M68="","",IFERROR(INDEX(SK_C,MATCH(M68,SK_A,0)),"")) | C68: =IF(O68="","",IF(O68=0,"D",IF(O68<0,"D"&O68,"D+"&O68))) | D68: 11. Follow-up | E68: Sales báo kết quả chuyển đổi đơn hàng | F68: Sales Dental (ví dụ) | G68: NPP | H68: =IF(OR(B68="",O68=""),"",IF(O68>0,IF(P68="Làm việc",WORKDAY(IFERROR(IF(INDEX(SK_D,MATCH(M68,SK_A,0))="",B68,INDEX(SK_D,MATCH(M68,SK_A,0))),B68),O68,HOLI),IFERROR(IF(INDEX(SK_D,MATCH(M68,SK_A,0))="",B68,INDEX(SK_D,MATCH(M68,SK_A,0))),B68)+O68),B68+O68)) | I68: Chưa làm | L68: =IF(E68="","",IF(I68="Bỏ qua","—",IF(I68="Xong",IF(AND(ISNUMBER(J68),ISNUMBER(H68),J68>H68),"Xong trễ","Xong"),IF(F68="","CHƯA GIAO","")&IF(NOT(ISNUMBER(H68)),"",IF(TODAY()>H68,IF(F68=""," · ","")&"QUÁ HẠN "&(TODAY()-H68)&" ngày",IF(H68-TODAY()<=3,IF(F68=""," · ","")&"Đến hạn "&IF(H68=TODAY(),"hôm nay","trong "&(H68-TODAY())&" ngày"),"")))))) | M68: VD-2 | N68: K34 | O68: 20 | P68: Làm việc | Q68: =IF(AND(E68<>"",R68="Có",I68<>"Xong",I68<>"Bỏ qua",ISNUMBER(H68)),H68+ROW()/100000,"") | R68: =IF(M68="","",IFERROR(INDEX(SK_L,MATCH(M68,SK_A,0)),""))
A69: =IF(M69="","",IFERROR(INDEX(SK_B,MATCH(M69,SK_A,0))&"","")) | B69: =IF(M69="","",IFERROR(INDEX(SK_C,MATCH(M69,SK_A,0)),"")) | C69: =IF(O69="","",IF(O69=0,"D",IF(O69<0,"D"&O69,"D+"&O69))) | D69: 1. Kế hoạch | E69: Lập kế hoạch tổng quan (KOL, số khách, mục đích, KPI bán hàng, khuyến mại, khảo sát) + xin Giám đốc duyệt ngân sách | F69: Leader MKT (ví dụ) | G69: Sales, NPP | H69: =IF(OR(B69="",O69=""),"",IF(O69>0,IF(P69="Làm việc",WORKDAY(IFERROR(IF(INDEX(SK_D,MATCH(M69,SK_A,0))="",B69,INDEX(SK_D,MATCH(M69,SK_A,0))),B69),O69,HOLI),IFERROR(IF(INDEX(SK_D,MATCH(M69,SK_A,0))="",B69,INDEX(SK_D,MATCH(M69,SK_A,0))),B69)+O69),B69+O69)) | I69: Xong | J69: 46315 | L69: =IF(E69="","",IF(I69="Bỏ qua","—",IF(I69="Xong",IF(AND(ISNUMBER(J69),ISNUMBER(H69),J69>H69),"Xong trễ","Xong"),IF(F69="","CHƯA GIAO","")&IF(NOT(ISNUMBER(H69)),"",IF(TODAY()>H69,IF(F69=""," · ","")&"QUÁ HẠN "&(TODAY()-H69)&" ngày",IF(H69-TODAY()<=3,IF(F69=""," · ","")&"Đến hạn "&IF(H69=TODAY(),"hôm nay","trong "&(H69-TODAY())&" ngày"),"")))))) | M69: VD-3 | N69: K01 | O69: -30 | P69: Lịch | Q69: =IF(AND(E69<>"",R69="Có",I69<>"Xong",I69<>"Bỏ qua",ISNUMBER(H69)),H69+ROW()/100000,"") | R69: =IF(M69="","",IFERROR(INDEX(SK_L,MATCH(M69,SK_A,0)),""))
A70: =IF(M70="","",IFERROR(INDEX(SK_B,MATCH(M70,SK_A,0))&"","")) | B70: =IF(M70="","",IFERROR(INDEX(SK_C,MATCH(M70,SK_A,0)),"")) | C70: =IF(O70="","",IF(O70=0,"D",IF(O70<0,"D"&O70,"D+"&O70))) | D70: 1. Kế hoạch | E70: Chia việc với NPP, Trường / Viện (tuyển sinh, đồ thực hành, MC, số bàn trưng bày) | F70: Leader MKT (ví dụ) | G70: NPP, Viện | H70: =IF(OR(B70="",O70=""),"",IF(O70>0,IF(P70="Làm việc",WORKDAY(IFERROR(IF(INDEX(SK_D,MATCH(M70,SK_A,0))="",B70,INDEX(SK_D,MATCH(M70,SK_A,0))),B70),O70,HOLI),IFERROR(IF(INDEX(SK_D,MATCH(M70,SK_A,0))="",B70,INDEX(SK_D,MATCH(M70,SK_A,0))),B70)+O70),B70+O70)) | I70: Xong | J70: 46316 | L70: =IF(E70="","",IF(I70="Bỏ qua","—",IF(I70="Xong",IF(AND(ISNUMBER(J70),ISNUMBER(H70),J70>H70),"Xong trễ","Xong"),IF(F70="","CHƯA GIAO","")&IF(NOT(ISNUMBER(H70)),"",IF(TODAY()>H70,IF(F70=""," · ","")&"QUÁ HẠN "&(TODAY()-H70)&" ngày",IF(H70-TODAY()<=3,IF(F70=""," · ","")&"Đến hạn "&IF(H70=TODAY(),"hôm nay","trong "&(H70-TODAY())&" ngày"),"")))))) | M70: VD-3 | N70: K02 | O70: -30 | P70: Lịch | Q70: =IF(AND(E70<>"",R70="Có",I70<>"Xong",I70<>"Bỏ qua",ISNUMBER(H70)),H70+ROW()/100000,"") | R70: =IF(M70="","",IFERROR(INDEX(SK_L,MATCH(M70,SK_A,0)),""))
A71: =IF(M71="","",IFERROR(INDEX(SK_B,MATCH(M71,SK_A,0))&"","")) | B71: =IF(M71="","",IFERROR(INDEX(SK_C,MATCH(M71,SK_A,0)),"")) | C71: =IF(O71="","",IF(O71=0,"D",IF(O71<0,"D"&O71,"D+"&O71))) | D71: 2. KOL & đối tác | E71: Chốt KOL: hợp đồng, lịch di chuyển, xem trước bài giảng, người chăm sóc KOL | F71: Leader MKT (ví dụ) | G71: KOL | H71: =IF(OR(B71="",O71=""),"",IF(O71>0,IF(P71="Làm việc",WORKDAY(IFERROR(IF(INDEX(SK_D,MATCH(M71,SK_A,0))="",B71,INDEX(SK_D,MATCH(M71,SK_A,0))),B71),O71,HOLI),IFERROR(IF(INDEX(SK_D,MATCH(M71,SK_A,0))="",B71,INDEX(SK_D,MATCH(M71,SK_A,0))),B71)+O71),B71+O71)) | I71: Xong | J71: 46316 | L71: =IF(E71="","",IF(I71="Bỏ qua","—",IF(I71="Xong",IF(AND(ISNUMBER(J71),ISNUMBER(H71),J71>H71),"Xong trễ","Xong"),IF(F71="","CHƯA GIAO","")&IF(NOT(ISNUMBER(H71)),"",IF(TODAY()>H71,IF(F71=""," · ","")&"QUÁ HẠN "&(TODAY()-H71)&" ngày",IF(H71-TODAY()<=3,IF(F71=""," · ","")&"Đến hạn "&IF(H71=TODAY(),"hôm nay","trong "&(H71-TODAY())&" ngày"),"")))))) | M71: VD-3 | N71: K03 | O71: -30 | P71: Lịch | Q71: =IF(AND(E71<>"",R71="Có",I71<>"Xong",I71<>"Bỏ qua",ISNUMBER(H71)),H71+ROW()/100000,"") | R71: =IF(M71="","",IFERROR(INDEX(SK_L,MATCH(M71,SK_A,0)),""))
A72: =IF(M72="","",IFERROR(INDEX(SK_B,MATCH(M72,SK_A,0))&"","")) | B72: =IF(M72="","",IFERROR(INDEX(SK_C,MATCH(M72,SK_A,0)),"")) | C72: =IF(O72="","",IF(O72=0,"D",IF(O72<0,"D"&O72,"D+"&O72))) | D72: 3. Tuyển sinh | E72: Mở tuyển sinh: form đăng ký (khảo sát trước, đồng ý dữ liệu, nguồn đăng ký) + nhóm Zalo khách | F72: Digital (ví dụ) | G72: Sales, NPP | H72: =IF(OR(B72="",O72=""),"",IF(O72>0,IF(P72="Làm việc",WORKDAY(IFERROR(IF(INDEX(SK_D,MATCH(M72,SK_A,0))="",B72,INDEX(SK_D,MATCH(M72,SK_A,0))),B72),O72,HOLI),IFERROR(IF(INDEX(SK_D,MATCH(M72,SK_A,0))="",B72,INDEX(SK_D,MATCH(M72,SK_A,0))),B72)+O72),B72+O72)) | I72: Xong | J72: 46317 | L72: =IF(E72="","",IF(I72="Bỏ qua","—",IF(I72="Xong",IF(AND(ISNUMBER(J72),ISNUMBER(H72),J72>H72),"Xong trễ","Xong"),IF(F72="","CHƯA GIAO","")&IF(NOT(ISNUMBER(H72)),"",IF(TODAY()>H72,IF(F72=""," · ","")&"QUÁ HẠN "&(TODAY()-H72)&" ngày",IF(H72-TODAY()<=3,IF(F72=""," · ","")&"Đến hạn "&IF(H72=TODAY(),"hôm nay","trong "&(H72-TODAY())&" ngày"),"")))))) | M72: VD-3 | N72: K04 | O72: -30 | P72: Lịch | Q72: =IF(AND(E72<>"",R72="Có",I72<>"Xong",I72<>"Bỏ qua",ISNUMBER(H72)),H72+ROW()/100000,"") | R72: =IF(M72="","",IFERROR(INDEX(SK_L,MATCH(M72,SK_A,0)),""))
A73: =IF(M73="","",IFERROR(INDEX(SK_B,MATCH(M73,SK_A,0))&"","")) | B73: =IF(M73="","",IFERROR(INDEX(SK_C,MATCH(M73,SK_A,0)),"")) | C73: =IF(O73="","",IF(O73=0,"D",IF(O73<0,"D"&O73,"D+"&O73))) | D73: 3. Tuyển sinh | E73: Báo cáo số đăng ký theo nguồn cho team (thứ Hai hằng tuần, đến D-1) | F73: Leader MKT (ví dụ) | G73: Sales, NPP | H73: =IF(OR(B73="",O73=""),"",IF(O73>0,IF(P73="Làm việc",WORKDAY(IFERROR(IF(INDEX(SK_D,MATCH(M73,SK_A,0))="",B73,INDEX(SK_D,MATCH(M73,SK_A,0))),B73),O73,HOLI),IFERROR(IF(INDEX(SK_D,MATCH(M73,SK_A,0))="",B73,INDEX(SK_D,MATCH(M73,SK_A,0))),B73)+O73),B73+O73)) | I73: Chưa làm | L73: =IF(E73="","",IF(I73="Bỏ qua","—",IF(I73="Xong",IF(AND(ISNUMBER(J73),ISNUMBER(H73),J73>H73),"Xong trễ","Xong"),IF(F73="","CHƯA GIAO","")&IF(NOT(ISNUMBER(H73)),"",IF(TODAY()>H73,IF(F73=""," · ","")&"QUÁ HẠN "&(TODAY()-H73)&" ngày",IF(H73-TODAY()<=3,IF(F73=""," · ","")&"Đến hạn "&IF(H73=TODAY(),"hôm nay","trong "&(H73-TODAY())&" ngày"),"")))))) | M73: VD-3 | N73: K05 | O73: -1 | P73: Lịch | Q73: =IF(AND(E73<>"",R73="Có",I73<>"Xong",I73<>"Bỏ qua",ISNUMBER(H73)),H73+ROW()/100000,"") | R73: =IF(M73="","",IFERROR(INDEX(SK_L,MATCH(M73,SK_A,0)),""))
A74: =IF(M74="","",IFERROR(INDEX(SK_B,MATCH(M74,SK_A,0))&"","")) | B74: =IF(M74="","",IFERROR(INDEX(SK_C,MATCH(M74,SK_A,0)),"")) | C74: =IF(O74="","",IF(O74=0,"D",IF(O74<0,"D"&O74,"D+"&O74))) | D74: 3. Tuyển sinh | E74: Checkpoint D-14: đăng ký < 60% target ⇒ báo Giám đốc phương án | F74: Leader MKT (ví dụ) | G74: Giám đốc | H74: =IF(OR(B74="",O74=""),"",IF(O74>0,IF(P74="Làm việc",WORKDAY(IFERROR(IF(INDEX(SK_D,MATCH(M74,SK_A,0))="",B74,INDEX(SK_D,MATCH(M74,SK_A,0))),B74),O74,HOLI),IFERROR(IF(INDEX(SK_D,MATCH(M74,SK_A,0))="",B74,INDEX(SK_D,MATCH(M74,SK_A,0))),B74)+O74),B74+O74)) | I74: Chờ đối tác | L74: =IF(E74="","",IF(I74="Bỏ qua","—",IF(I74="Xong",IF(AND(ISNUMBER(J74),ISNUMBER(H74),J74>H74),"Xong trễ","Xong"),IF(F74="","CHƯA GIAO","")&IF(NOT(ISNUMBER(H74)),"",IF(TODAY()>H74,IF(F74=""," · ","")&"QUÁ HẠN "&(TODAY()-H74)&" ngày",IF(H74-TODAY()<=3,IF(F74=""," · ","")&"Đến hạn "&IF(H74=TODAY(),"hôm nay","trong "&(H74-TODAY())&" ngày"),"")))))) | M74: VD-3 | N74: K06 | O74: -14 | P74: Lịch | Q74: =IF(AND(E74<>"",R74="Có",I74<>"Xong",I74<>"Bỏ qua",ISNUMBER(H74)),H74+ROW()/100000,"") | R74: =IF(M74="","",IFERROR(INDEX(SK_L,MATCH(M74,SK_A,0)),""))
A75: =IF(M75="","",IFERROR(INDEX(SK_B,MATCH(M75,SK_A,0))&"","")) | B75: =IF(M75="","",IFERROR(INDEX(SK_C,MATCH(M75,SK_A,0)),"")) | C75: =IF(O75="","",IF(O75=0,"D",IF(O75<0,"D"&O75,"D+"&O75))) | D75: 3. Tuyển sinh | E75: Sales / NPP gửi đủ thông tin khách đăng ký hộ (Họ tên · SĐT · Nơi công tác) | F75: Sales Dental (ví dụ) | G75: NPP | H75: =IF(OR(B75="",O75=""),"",IF(O75>0,IF(P75="Làm việc",WORKDAY(IFERROR(IF(INDEX(SK_D,MATCH(M75,SK_A,0))="",B75,INDEX(SK_D,MATCH(M75,SK_A,0))),B75),O75,HOLI),IFERROR(IF(INDEX(SK_D,MATCH(M75,SK_A,0))="",B75,INDEX(SK_D,MATCH(M75,SK_A,0))),B75)+O75),B75+O75)) | I75: Chưa làm | L75: =IF(E75="","",IF(I75="Bỏ qua","—",IF(I75="Xong",IF(AND(ISNUMBER(J75),ISNUMBER(H75),J75>H75),"Xong trễ","Xong"),IF(F75="","CHƯA GIAO","")&IF(NOT(ISNUMBER(H75)),"",IF(TODAY()>H75,IF(F75=""," · ","")&"QUÁ HẠN "&(TODAY()-H75)&" ngày",IF(H75-TODAY()<=3,IF(F75=""," · ","")&"Đến hạn "&IF(H75=TODAY(),"hôm nay","trong "&(H75-TODAY())&" ngày"),"")))))) | M75: VD-3 | N75: K07 | O75: -5 | P75: Lịch | Q75: =IF(AND(E75<>"",R75="Có",I75<>"Xong",I75<>"Bỏ qua",ISNUMBER(H75)),H75+ROW()/100000,"") | R75: =IF(M75="","",IFERROR(INDEX(SK_L,MATCH(M75,SK_A,0)),""))
A76: =IF(M76="","",IFERROR(INDEX(SK_B,MATCH(M76,SK_A,0))&"","")) | B76: =IF(M76="","",IFERROR(INDEX(SK_C,MATCH(M76,SK_A,0)),"")) | C76: =IF(O76="","",IF(O76=0,"D",IF(O76<0,"D"&O76,"D+"&O76))) | D76: 4. Truyền thông | E76: Đăng chuỗi bài truyền thông sự kiện | F76: Digital (ví dụ) | G76: Sales, NPP chia sẻ | H76: =IF(OR(B76="",O76=""),"",IF(O76>0,IF(P76="Làm việc",WORKDAY(IFERROR(IF(INDEX(SK_D,MATCH(M76,SK_A,0))="",B76,INDEX(SK_D,MATCH(M76,SK_A,0))),B76),O76,HOLI),IFERROR(IF(INDEX(SK_D,MATCH(M76,SK_A,0))="",B76,INDEX(SK_D,MATCH(M76,SK_A,0))),B76)+O76),B76+O76)) | I76: Chờ đối tác | L76: =IF(E76="","",IF(I76="Bỏ qua","—",IF(I76="Xong",IF(AND(ISNUMBER(J76),ISNUMBER(H76),J76>H76),"Xong trễ","Xong"),IF(F76="","CHƯA GIAO","")&IF(NOT(ISNUMBER(H76)),"",IF(TODAY()>H76,IF(F76=""," · ","")&"QUÁ HẠN "&(TODAY()-H76)&" ngày",IF(H76-TODAY()<=3,IF(F76=""," · ","")&"Đến hạn "&IF(H76=TODAY(),"hôm nay","trong "&(H76-TODAY())&" ngày"),"")))))) | M76: VD-3 | N76: K08 | O76: -14 | P76: Lịch | Q76: =IF(AND(E76<>"",R76="Có",I76<>"Xong",I76<>"Bỏ qua",ISNUMBER(H76)),H76+ROW()/100000,"") | R76: =IF(M76="","",IFERROR(INDEX(SK_L,MATCH(M76,SK_A,0)),""))
A77: =IF(M77="","",IFERROR(INDEX(SK_B,MATCH(M77,SK_A,0))&"","")) | B77: =IF(M77="","",IFERROR(INDEX(SK_C,MATCH(M77,SK_A,0)),"")) | C77: =IF(O77="","",IF(O77=0,"D",IF(O77<0,"D"&O77,"D+"&O77))) | D77: 5. Địa điểm & hậu cần | E77: Webinar: tạo phòng Zoom (đăng ký, ghi hình, báo cáo người tham dự) | F77: Digital (ví dụ) | G77: KOL | H77: =IF(OR(B77="",O77=""),"",IF(O77>0,IF(P77="Làm việc",WORKDAY(IFERROR(IF(INDEX(SK_D,MATCH(M77,SK_A,0))="",B77,INDEX(SK_D,MATCH(M77,SK_A,0))),B77),O77,HOLI),IFERROR(IF(INDEX(SK_D,MATCH(M77,SK_A,0))="",B77,INDEX(SK_D,MATCH(M77,SK_A,0))),B77)+O77),B77+O77)) | I77: Xong | J77: 46314 | L77: =IF(E77="","",IF(I77="Bỏ qua","—",IF(I77="Xong",IF(AND(ISNUMBER(J77),ISNUMBER(H77),J77>H77),"Xong trễ","Xong"),IF(F77="","CHƯA GIAO","")&IF(NOT(ISNUMBER(H77)),"",IF(TODAY()>H77,IF(F77=""," · ","")&"QUÁ HẠN "&(TODAY()-H77)&" ngày",IF(H77-TODAY()<=3,IF(F77=""," · ","")&"Đến hạn "&IF(H77=TODAY(),"hôm nay","trong "&(H77-TODAY())&" ngày"),"")))))) | M77: VD-3 | N77: K11 | O77: -30 | P77: Lịch | Q77: =IF(AND(E77<>"",R77="Có",I77<>"Xong",I77<>"Bỏ qua",ISNUMBER(H77)),H77+ROW()/100000,"") | R77: =IF(M77="","",IFERROR(INDEX(SK_L,MATCH(M77,SK_A,0)),""))
A78: =IF(M78="","",IFERROR(INDEX(SK_B,MATCH(M78,SK_A,0))&"","")) | B78: =IF(M78="","",IFERROR(INDEX(SK_C,MATCH(M78,SK_A,0)),"")) | C78: =IF(O78="","",IF(O78=0,"D",IF(O78<0,"D"&O78,"D+"&O78))) | D78: 6. Nội dung | E78: Timeline chi tiết ngày D | F78: Leader MKT (ví dụ) | G78: KOL, Viện | H78: =IF(OR(B78="",O78=""),"",IF(O78>0,IF(P78="Làm việc",WORKDAY(IFERROR(IF(INDEX(SK_D,MATCH(M78,SK_A,0))="",B78,INDEX(SK_D,MATCH(M78,SK_A,0))),B78),O78,HOLI),IFERROR(IF(INDEX(SK_D,MATCH(M78,SK_A,0))="",B78,INDEX(SK_D,MATCH(M78,SK_A,0))),B78)+O78),B78+O78)) | I78: Chưa làm | L78: =IF(E78="","",IF(I78="Bỏ qua","—",IF(I78="Xong",IF(AND(ISNUMBER(J78),ISNUMBER(H78),J78>H78),"Xong trễ","Xong"),IF(F78="","CHƯA GIAO","")&IF(NOT(ISNUMBER(H78)),"",IF(TODAY()>H78,IF(F78=""," · ","")&"QUÁ HẠN "&(TODAY()-H78)&" ngày",IF(H78-TODAY()<=3,IF(F78=""," · ","")&"Đến hạn "&IF(H78=TODAY(),"hôm nay","trong "&(H78-TODAY())&" ngày"),"")))))) | M78: VD-3 | N78: K12 | O78: -7 | P78: Lịch | Q78: =IF(AND(E78<>"",R78="Có",I78<>"Xong",I78<>"Bỏ qua",ISNUMBER(H78)),H78+ROW()/100000,"") | R78: =IF(M78="","",IFERROR(INDEX(SK_L,MATCH(M78,SK_A,0)),""))
A79: =IF(M79="","",IFERROR(INDEX(SK_B,MATCH(M79,SK_A,0))&"","")) | B79: =IF(M79="","",IFERROR(INDEX(SK_C,MATCH(M79,SK_A,0)),"")) | C79: =IF(O79="","",IF(O79=0,"D",IF(O79<0,"D"&O79,"D+"&O79))) | D79: 6. Nội dung | E79: Kịch bản MC, kịch bản phát biểu, video trình chiếu | F79: Digital (ví dụ) | G79: KOL, Viện | H79: =IF(OR(B79="",O79=""),"",IF(O79>0,IF(P79="Làm việc",WORKDAY(IFERROR(IF(INDEX(SK_D,MATCH(M79,SK_A,0))="",B79,INDEX(SK_D,MATCH(M79,SK_A,0))),B79),O79,HOLI),IFERROR(IF(INDEX(SK_D,MATCH(M79,SK_A,0))="",B79,INDEX(SK_D,MATCH(M79,SK_A,0))),B79)+O79),B79+O79)) | I79: Chưa làm | L79: =IF(E79="","",IF(I79="Bỏ qua","—",IF(I79="Xong",IF(AND(ISNUMBER(J79),ISNUMBER(H79),J79>H79),"Xong trễ","Xong"),IF(F79="","CHƯA GIAO","")&IF(NOT(ISNUMBER(H79)),"",IF(TODAY()>H79,IF(F79=""," · ","")&"QUÁ HẠN "&(TODAY()-H79)&" ngày",IF(H79-TODAY()<=3,IF(F79=""," · ","")&"Đến hạn "&IF(H79=TODAY(),"hôm nay","trong "&(H79-TODAY())&" ngày"),"")))))) | M79: VD-3 | N79: K13 | O79: -7 | P79: Lịch | Q79: =IF(AND(E79<>"",R79="Có",I79<>"Xong",I79<>"Bỏ qua",ISNUMBER(H79)),H79+ROW()/100000,"") | R79: =IF(M79="","",IFERROR(INDEX(SK_L,MATCH(M79,SK_A,0)),""))
A80: =IF(M80="","",IFERROR(INDEX(SK_B,MATCH(M80,SK_A,0))&"","")) | B80: =IF(M80="","",IFERROR(INDEX(SK_C,MATCH(M80,SK_A,0)),"")) | C80: =IF(O80="","",IF(O80=0,"D",IF(O80<0,"D"&O80,"D+"&O80))) | D80: 8. Chốt trước D | E80: Họp với NPP: agenda, nhân sự, bán hàng, sản phẩm | F80: Leader MKT (ví dụ) | G80: NPP, Sales | H80: =IF(OR(B80="",O80=""),"",IF(O80>0,IF(P80="Làm việc",WORKDAY(IFERROR(IF(INDEX(SK_D,MATCH(M80,SK_A,0))="",B80,INDEX(SK_D,MATCH(M80,SK_A,0))),B80),O80,HOLI),IFERROR(IF(INDEX(SK_D,MATCH(M80,SK_A,0))="",B80,INDEX(SK_D,MATCH(M80,SK_A,0))),B80)+O80),B80+O80)) | I80: Chưa làm | L80: =IF(E80="","",IF(I80="Bỏ qua","—",IF(I80="Xong",IF(AND(ISNUMBER(J80),ISNUMBER(H80),J80>H80),"Xong trễ","Xong"),IF(F80="","CHƯA GIAO","")&IF(NOT(ISNUMBER(H80)),"",IF(TODAY()>H80,IF(F80=""," · ","")&"QUÁ HẠN "&(TODAY()-H80)&" ngày",IF(H80-TODAY()<=3,IF(F80=""," · ","")&"Đến hạn "&IF(H80=TODAY(),"hôm nay","trong "&(H80-TODAY())&" ngày"),"")))))) | M80: VD-3 | N80: K18 | O80: -3 | P80: Lịch | Q80: =IF(AND(E80<>"",R80="Có",I80<>"Xong",I80<>"Bỏ qua",ISNUMBER(H80)),H80+ROW()/100000,"") | R80: =IF(M80="","",IFERROR(INDEX(SK_L,MATCH(M80,SK_A,0)),""))
A81: =IF(M81="","",IFERROR(INDEX(SK_B,MATCH(M81,SK_A,0))&"","")) | B81: =IF(M81="","",IFERROR(INDEX(SK_C,MATCH(M81,SK_A,0)),"")) | C81: =IF(O81="","",IF(O81=0,"D",IF(O81<0,"D"&O81,"D+"&O81))) | D81: 8. Chốt trước D | E81: Rà soát dữ liệu khách (thiếu thông tin / chưa đồng ý dữ liệu) | F81: Digital (ví dụ) | G81: Sales, NPP | H81: =IF(OR(B81="",O81=""),"",IF(O81>0,IF(P81="Làm việc",WORKDAY(IFERROR(IF(INDEX(SK_D,MATCH(M81,SK_A,0))="",B81,INDEX(SK_D,MATCH(M81,SK_A,0))),B81),O81,HOLI),IFERROR(IF(INDEX(SK_D,MATCH(M81,SK_A,0))="",B81,INDEX(SK_D,MATCH(M81,SK_A,0))),B81)+O81),B81+O81)) | I81: Chưa làm | L81: =IF(E81="","",IF(I81="Bỏ qua","—",IF(I81="Xong",IF(AND(ISNUMBER(J81),ISNUMBER(H81),J81>H81),"Xong trễ","Xong"),IF(F81="","CHƯA GIAO","")&IF(NOT(ISNUMBER(H81)),"",IF(TODAY()>H81,IF(F81=""," · ","")&"QUÁ HẠN "&(TODAY()-H81)&" ngày",IF(H81-TODAY()<=3,IF(F81=""," · ","")&"Đến hạn "&IF(H81=TODAY(),"hôm nay","trong "&(H81-TODAY())&" ngày"),"")))))) | M81: VD-3 | N81: K19 | O81: -3 | P81: Lịch | Q81: =IF(AND(E81<>"",R81="Có",I81<>"Xong",I81<>"Bỏ qua",ISNUMBER(H81)),H81+ROW()/100000,"") | R81: =IF(M81="","",IFERROR(INDEX(SK_L,MATCH(M81,SK_A,0)),""))
A82: =IF(M82="","",IFERROR(INDEX(SK_B,MATCH(M82,SK_A,0))&"","")) | B82: =IF(M82="","",IFERROR(INDEX(SK_C,MATCH(M82,SK_A,0)),"")) | C82: =IF(O82="","",IF(O82=0,"D",IF(O82<0,"D"&O82,"D+"&O82))) | D82: 8. Chốt trước D | E82: Phân công nhân sự trước / trong / sau, giờ có mặt | F82: Leader MKT (ví dụ) | G82: Sales, NPP | H82: =IF(OR(B82="",O82=""),"",IF(O82>0,IF(P82="Làm việc",WORKDAY(IFERROR(IF(INDEX(SK_D,MATCH(M82,SK_A,0))="",B82,INDEX(SK_D,MATCH(M82,SK_A,0))),B82),O82,HOLI),IFERROR(IF(INDEX(SK_D,MATCH(M82,SK_A,0))="",B82,INDEX(SK_D,MATCH(M82,SK_A,0))),B82)+O82),B82+O82)) | I82: Chưa làm | L82: =IF(E82="","",IF(I82="Bỏ qua","—",IF(I82="Xong",IF(AND(ISNUMBER(J82),ISNUMBER(H82),J82>H82),"Xong trễ","Xong"),IF(F82="","CHƯA GIAO","")&IF(NOT(ISNUMBER(H82)),"",IF(TODAY()>H82,IF(F82=""," · ","")&"QUÁ HẠN "&(TODAY()-H82)&" ngày",IF(H82-TODAY()<=3,IF(F82=""," · ","")&"Đến hạn "&IF(H82=TODAY(),"hôm nay","trong "&(H82-TODAY())&" ngày"),"")))))) | M82: VD-3 | N82: K20 | O82: -3 | P82: Lịch | Q82: =IF(AND(E82<>"",R82="Có",I82<>"Xong",I82<>"Bỏ qua",ISNUMBER(H82)),H82+ROW()/100000,"") | R82: =IF(M82="","",IFERROR(INDEX(SK_L,MATCH(M82,SK_A,0)),""))
A83: =IF(M83="","",IFERROR(INDEX(SK_B,MATCH(M83,SK_A,0))&"","")) | B83: =IF(M83="","",IFERROR(INDEX(SK_C,MATCH(M83,SK_A,0)),"")) | C83: =IF(O83="","",IF(O83=0,"D",IF(O83<0,"D"&O83,"D+"&O83))) | D83: 8. Chốt trước D | E83: Họp review D-1 + gọi nhắc khách + set up địa điểm / chạy thử Zoom | F83: Leader MKT (ví dụ) | G83: Toàn team | H83: =IF(OR(B83="",O83=""),"",IF(O83>0,IF(P83="Làm việc",WORKDAY(IFERROR(IF(INDEX(SK_D,MATCH(M83,SK_A,0))="",B83,INDEX(SK_D,MATCH(M83,SK_A,0))),B83),O83,HOLI),IFERROR(IF(INDEX(SK_D,MATCH(M83,SK_A,0))="",B83,INDEX(SK_D,MATCH(M83,SK_A,0))),B83)+O83),B83+O83)) | I83: Chưa làm | L83: =IF(E83="","",IF(I83="Bỏ qua","—",IF(I83="Xong",IF(AND(ISNUMBER(J83),ISNUMBER(H83),J83>H83),"Xong trễ","Xong"),IF(F83="","CHƯA GIAO","")&IF(NOT(ISNUMBER(H83)),"",IF(TODAY()>H83,IF(F83=""," · ","")&"QUÁ HẠN "&(TODAY()-H83)&" ngày",IF(H83-TODAY()<=3,IF(F83=""," · ","")&"Đến hạn "&IF(H83=TODAY(),"hôm nay","trong "&(H83-TODAY())&" ngày"),"")))))) | M83: VD-3 | N83: K21 | O83: -1 | P83: Lịch | Q83: =IF(AND(E83<>"",R83="Có",I83<>"Xong",I83<>"Bỏ qua",ISNUMBER(H83)),H83+ROW()/100000,"") | R83: =IF(M83="","",IFERROR(INDEX(SK_L,MATCH(M83,SK_A,0)),""))
A84: =IF(M84="","",IFERROR(INDEX(SK_B,MATCH(M84,SK_A,0))&"","")) | B84: =IF(M84="","",IFERROR(INDEX(SK_C,MATCH(M84,SK_A,0)),"")) | C84: =IF(O84="","",IF(O84=0,"D",IF(O84<0,"D"&O84,"D+"&O84))) | D84: 9. Ngày D | E84: Check-in có chữ ký + đồng ý dữ liệu (webinar: xuất báo cáo Zoom ngay sau buổi) | F84: Digital (ví dụ) | G84: Trade, NPP | H84: =IF(OR(B84="",O84=""),"",IF(O84>0,IF(P84="Làm việc",WORKDAY(IFERROR(IF(INDEX(SK_D,MATCH(M84,SK_A,0))="",B84,INDEX(SK_D,MATCH(M84,SK_A,0))),B84),O84,HOLI),IFERROR(IF(INDEX(SK_D,MATCH(M84,SK_A,0))="",B84,INDEX(SK_D,MATCH(M84,SK_A,0))),B84)+O84),B84+O84)) | I84: Chưa làm | L84: =IF(E84="","",IF(I84="Bỏ qua","—",IF(I84="Xong",IF(AND(ISNUMBER(J84),ISNUMBER(H84),J84>H84),"Xong trễ","Xong"),IF(F84="","CHƯA GIAO","")&IF(NOT(ISNUMBER(H84)),"",IF(TODAY()>H84,IF(F84=""," · ","")&"QUÁ HẠN "&(TODAY()-H84)&" ngày",IF(H84-TODAY()<=3,IF(F84=""," · ","")&"Đến hạn "&IF(H84=TODAY(),"hôm nay","trong "&(H84-TODAY())&" ngày"),"")))))) | M84: VD-3 | N84: K22 | O84: 0 | P84: Lịch | Q84: =IF(AND(E84<>"",R84="Có",I84<>"Xong",I84<>"Bỏ qua",ISNUMBER(H84)),H84+ROW()/100000,"") | R84: =IF(M84="","",IFERROR(INDEX(SK_L,MATCH(M84,SK_A,0)),""))
A85: =IF(M85="","",IFERROR(INDEX(SK_B,MATCH(M85,SK_A,0))&"","")) | B85: =IF(M85="","",IFERROR(INDEX(SK_C,MATCH(M85,SK_A,0)),"")) | C85: =IF(O85="","",IF(O85=0,"D",IF(O85<0,"D"&O85,"D+"&O85))) | D85: 9. Ngày D | E85: Điều phối chương trình, khảo sát QR trước bế mạc, ảnh / video | F85: Leader MKT (ví dụ) | G85: Digital MKT | H85: =IF(OR(B85="",O85=""),"",IF(O85>0,IF(P85="Làm việc",WORKDAY(IFERROR(IF(INDEX(SK_D,MATCH(M85,SK_A,0))="",B85,INDEX(SK_D,MATCH(M85,SK_A,0))),B85),O85,HOLI),IFERROR(IF(INDEX(SK_D,MATCH(M85,SK_A,0))="",B85,INDEX(SK_D,MATCH(M85,SK_A,0))),B85)+O85),B85+O85)) | I85: Chưa làm | L85: =IF(E85="","",IF(I85="Bỏ qua","—",IF(I85="Xong",IF(AND(ISNUMBER(J85),ISNUMBER(H85),J85>H85),"Xong trễ","Xong"),IF(F85="","CHƯA GIAO","")&IF(NOT(ISNUMBER(H85)),"",IF(TODAY()>H85,IF(F85=""," · ","")&"QUÁ HẠN "&(TODAY()-H85)&" ngày",IF(H85-TODAY()<=3,IF(F85=""," · ","")&"Đến hạn "&IF(H85=TODAY(),"hôm nay","trong "&(H85-TODAY())&" ngày"),"")))))) | M85: VD-3 | N85: K23 | O85: 0 | P85: Lịch | Q85: =IF(AND(E85<>"",R85="Có",I85<>"Xong",I85<>"Bỏ qua",ISNUMBER(H85)),H85+ROW()/100000,"") | R85: =IF(M85="","",IFERROR(INDEX(SK_L,MATCH(M85,SK_A,0)),""))
A86: =IF(M86="","",IFERROR(INDEX(SK_B,MATCH(M86,SK_A,0))&"","")) | B86: =IF(M86="","",IFERROR(INDEX(SK_C,MATCH(M86,SK_A,0)),"")) | C86: =IF(O86="","",IF(O86=0,"D",IF(O86<0,"D"&O86,"D+"&O86))) | D86: 10. Sau sự kiện | E86: Bài cảm ơn + ảnh recap; video recap (nếu có) | F86: Digital (ví dụ) | H86: =IF(OR(B86="",O86=""),"",IF(O86>0,IF(P86="Làm việc",WORKDAY(IFERROR(IF(INDEX(SK_D,MATCH(M86,SK_A,0))="",B86,INDEX(SK_D,MATCH(M86,SK_A,0))),B86),O86,HOLI),IFERROR(IF(INDEX(SK_D,MATCH(M86,SK_A,0))="",B86,INDEX(SK_D,MATCH(M86,SK_A,0))),B86)+O86),B86+O86)) | I86: Chưa làm | L86: =IF(E86="","",IF(I86="Bỏ qua","—",IF(I86="Xong",IF(AND(ISNUMBER(J86),ISNUMBER(H86),J86>H86),"Xong trễ","Xong"),IF(F86="","CHƯA GIAO","")&IF(NOT(ISNUMBER(H86)),"",IF(TODAY()>H86,IF(F86=""," · ","")&"QUÁ HẠN "&(TODAY()-H86)&" ngày",IF(H86-TODAY()<=3,IF(F86=""," · ","")&"Đến hạn "&IF(H86=TODAY(),"hôm nay","trong "&(H86-TODAY())&" ngày"),"")))))) | M86: VD-3 | N86: K26 | O86: 2 | P86: Làm việc | Q86: =IF(AND(E86<>"",R86="Có",I86<>"Xong",I86<>"Bỏ qua",ISNUMBER(H86)),H86+ROW()/100000,"") | R86: =IF(M86="","",IFERROR(INDEX(SK_L,MATCH(M86,SK_A,0)),""))
A87: =IF(M87="","",IFERROR(INDEX(SK_B,MATCH(M87,SK_A,0))&"","")) | B87: =IF(M87="","",IFERROR(INDEX(SK_C,MATCH(M87,SK_A,0)),"")) | C87: =IF(O87="","",IF(O87=0,"D",IF(O87<0,"D"&O87,"D+"&O87))) | D87: 10. Sau sự kiện | E87: Đối chiếu dữ liệu khách (loại trùng, đủ trường) ⇒ CUSTOMER LIST; tổng hợp khảo sát | F87: Digital (ví dụ) | G87: Sales, NPP | H87: =IF(OR(B87="",O87=""),"",IF(O87>0,IF(P87="Làm việc",WORKDAY(IFERROR(IF(INDEX(SK_D,MATCH(M87,SK_A,0))="",B87,INDEX(SK_D,MATCH(M87,SK_A,0))),B87),O87,HOLI),IFERROR(IF(INDEX(SK_D,MATCH(M87,SK_A,0))="",B87,INDEX(SK_D,MATCH(M87,SK_A,0))),B87)+O87),B87+O87)) | I87: Chưa làm | L87: =IF(E87="","",IF(I87="Bỏ qua","—",IF(I87="Xong",IF(AND(ISNUMBER(J87),ISNUMBER(H87),J87>H87),"Xong trễ","Xong"),IF(F87="","CHƯA GIAO","")&IF(NOT(ISNUMBER(H87)),"",IF(TODAY()>H87,IF(F87=""," · ","")&"QUÁ HẠN "&(TODAY()-H87)&" ngày",IF(H87-TODAY()<=3,IF(F87=""," · ","")&"Đến hạn "&IF(H87=TODAY(),"hôm nay","trong "&(H87-TODAY())&" ngày"),"")))))) | M87: VD-3 | N87: K28 | O87: 3 | P87: Làm việc | Q87: =IF(AND(E87<>"",R87="Có",I87<>"Xong",I87<>"Bỏ qua",ISNUMBER(H87)),H87+ROW()/100000,"") | R87: =IF(M87="","",IFERROR(INDEX(SK_L,MATCH(M87,SK_A,0)),""))
A88: =IF(M88="","",IFERROR(INDEX(SK_B,MATCH(M88,SK_A,0))&"","")) | B88: =IF(M88="","",IFERROR(INDEX(SK_C,MATCH(M88,SK_A,0)),"")) | C88: =IF(O88="","",IF(O88=0,"D",IF(O88<0,"D"&O88,"D+"&O88))) | D88: 10. Sau sự kiện | E88: Sales + NPP gửi số liệu bán hàng tại sự kiện | F88: Sales Dental (ví dụ) | G88: NPP | H88: =IF(OR(B88="",O88=""),"",IF(O88>0,IF(P88="Làm việc",WORKDAY(IFERROR(IF(INDEX(SK_D,MATCH(M88,SK_A,0))="",B88,INDEX(SK_D,MATCH(M88,SK_A,0))),B88),O88,HOLI),IFERROR(IF(INDEX(SK_D,MATCH(M88,SK_A,0))="",B88,INDEX(SK_D,MATCH(M88,SK_A,0))),B88)+O88),B88+O88)) | I88: Chưa làm | L88: =IF(E88="","",IF(I88="Bỏ qua","—",IF(I88="Xong",IF(AND(ISNUMBER(J88),ISNUMBER(H88),J88>H88),"Xong trễ","Xong"),IF(F88="","CHƯA GIAO","")&IF(NOT(ISNUMBER(H88)),"",IF(TODAY()>H88,IF(F88=""," · ","")&"QUÁ HẠN "&(TODAY()-H88)&" ngày",IF(H88-TODAY()<=3,IF(F88=""," · ","")&"Đến hạn "&IF(H88=TODAY(),"hôm nay","trong "&(H88-TODAY())&" ngày"),"")))))) | M88: VD-3 | N88: K29 | O88: 3 | P88: Làm việc | Q88: =IF(AND(E88<>"",R88="Có",I88<>"Xong",I88<>"Bỏ qua",ISNUMBER(H88)),H88+ROW()/100000,"") | R88: =IF(M88="","",IFERROR(INDEX(SK_L,MATCH(M88,SK_A,0)),""))
A89: =IF(M89="","",IFERROR(INDEX(SK_B,MATCH(M89,SK_A,0))&"","")) | B89: =IF(M89="","",IFERROR(INDEX(SK_C,MATCH(M89,SK_A,0)),"")) | C89: =IF(O89="","",IF(O89=0,"D",IF(O89<0,"D"&O89,"D+"&O89))) | D89: 10. Sau sự kiện | E89: Bàn giao danh sách khách cần follow-up cho Sales | F89: Digital (ví dụ) | G89: Sales | H89: =IF(OR(B89="",O89=""),"",IF(O89>0,IF(P89="Làm việc",WORKDAY(IFERROR(IF(INDEX(SK_D,MATCH(M89,SK_A,0))="",B89,INDEX(SK_D,MATCH(M89,SK_A,0))),B89),O89,HOLI),IFERROR(IF(INDEX(SK_D,MATCH(M89,SK_A,0))="",B89,INDEX(SK_D,MATCH(M89,SK_A,0))),B89)+O89),B89+O89)) | I89: Chưa làm | L89: =IF(E89="","",IF(I89="Bỏ qua","—",IF(I89="Xong",IF(AND(ISNUMBER(J89),ISNUMBER(H89),J89>H89),"Xong trễ","Xong"),IF(F89="","CHƯA GIAO","")&IF(NOT(ISNUMBER(H89)),"",IF(TODAY()>H89,IF(F89=""," · ","")&"QUÁ HẠN "&(TODAY()-H89)&" ngày",IF(H89-TODAY()<=3,IF(F89=""," · ","")&"Đến hạn "&IF(H89=TODAY(),"hôm nay","trong "&(H89-TODAY())&" ngày"),"")))))) | M89: VD-3 | N89: K30 | O89: 3 | P89: Làm việc | Q89: =IF(AND(E89<>"",R89="Có",I89<>"Xong",I89<>"Bỏ qua",ISNUMBER(H89)),H89+ROW()/100000,"") | R89: =IF(M89="","",IFERROR(INDEX(SK_L,MATCH(M89,SK_A,0)),""))
A90: =IF(M90="","",IFERROR(INDEX(SK_B,MATCH(M90,SK_A,0))&"","")) | B90: =IF(M90="","",IFERROR(INDEX(SK_C,MATCH(M90,SK_A,0)),"")) | C90: =IF(O90="","",IF(O90=0,"D",IF(O90<0,"D"&O90,"D+"&O90))) | D90: 10. Sau sự kiện | E90: Báo cáo sự kiện + chứng từ KOL, hoá đơn địa điểm | F90: Leader MKT (ví dụ) | G90: Trade MKT | H90: =IF(OR(B90="",O90=""),"",IF(O90>0,IF(P90="Làm việc",WORKDAY(IFERROR(IF(INDEX(SK_D,MATCH(M90,SK_A,0))="",B90,INDEX(SK_D,MATCH(M90,SK_A,0))),B90),O90,HOLI),IFERROR(IF(INDEX(SK_D,MATCH(M90,SK_A,0))="",B90,INDEX(SK_D,MATCH(M90,SK_A,0))),B90)+O90),B90+O90)) | I90: Chưa làm | L90: =IF(E90="","",IF(I90="Bỏ qua","—",IF(I90="Xong",IF(AND(ISNUMBER(J90),ISNUMBER(H90),J90>H90),"Xong trễ","Xong"),IF(F90="","CHƯA GIAO","")&IF(NOT(ISNUMBER(H90)),"",IF(TODAY()>H90,IF(F90=""," · ","")&"QUÁ HẠN "&(TODAY()-H90)&" ngày",IF(H90-TODAY()<=3,IF(F90=""," · ","")&"Đến hạn "&IF(H90=TODAY(),"hôm nay","trong "&(H90-TODAY())&" ngày"),"")))))) | M90: VD-3 | N90: K31 | O90: 5 | P90: Làm việc | Q90: =IF(AND(E90<>"",R90="Có",I90<>"Xong",I90<>"Bỏ qua",ISNUMBER(H90)),H90+ROW()/100000,"") | R90: =IF(M90="","",IFERROR(INDEX(SK_L,MATCH(M90,SK_A,0)),""))
A91: =IF(M91="","",IFERROR(INDEX(SK_B,MATCH(M91,SK_A,0))&"","")) | B91: =IF(M91="","",IFERROR(INDEX(SK_C,MATCH(M91,SK_A,0)),"")) | C91: =IF(O91="","",IF(O91=0,"D",IF(O91<0,"D"&O91,"D+"&O91))) | D91: 10. Sau sự kiện | E91: Email báo cáo toàn MMH (4 file đính kèm) + hoàn tất lưu hồ sơ | F91: Leader MKT (ví dụ) | H91: =IF(OR(B91="",O91=""),"",IF(O91>0,IF(P91="Làm việc",WORKDAY(IFERROR(IF(INDEX(SK_D,MATCH(M91,SK_A,0))="",B91,INDEX(SK_D,MATCH(M91,SK_A,0))),B91),O91,HOLI),IFERROR(IF(INDEX(SK_D,MATCH(M91,SK_A,0))="",B91,INDEX(SK_D,MATCH(M91,SK_A,0))),B91)+O91),B91+O91)) | I91: Chưa làm | L91: =IF(E91="","",IF(I91="Bỏ qua","—",IF(I91="Xong",IF(AND(ISNUMBER(J91),ISNUMBER(H91),J91>H91),"Xong trễ","Xong"),IF(F91="","CHƯA GIAO","")&IF(NOT(ISNUMBER(H91)),"",IF(TODAY()>H91,IF(F91=""," · ","")&"QUÁ HẠN "&(TODAY()-H91)&" ngày",IF(H91-TODAY()<=3,IF(F91=""," · ","")&"Đến hạn "&IF(H91=TODAY(),"hôm nay","trong "&(H91-TODAY())&" ngày"),"")))))) | M91: VD-3 | N91: K32 | O91: 7 | P91: Làm việc | Q91: =IF(AND(E91<>"",R91="Có",I91<>"Xong",I91<>"Bỏ qua",ISNUMBER(H91)),H91+ROW()/100000,"") | R91: =IF(M91="","",IFERROR(INDEX(SK_L,MATCH(M91,SK_A,0)),""))
A92: =IF(M92="","",IFERROR(INDEX(SK_B,MATCH(M92,SK_A,0))&"","")) | B92: =IF(M92="","",IFERROR(INDEX(SK_C,MATCH(M92,SK_A,0)),"")) | C92: =IF(O92="","",IF(O92=0,"D",IF(O92<0,"D"&O92,"D+"&O92))) | D92: 11. Follow-up | E92: Sales liên hệ lần đầu khách cần follow-up | F92: Sales Dental (ví dụ) | G92: NPP | H92: =IF(OR(B92="",O92=""),"",IF(O92>0,IF(P92="Làm việc",WORKDAY(IFERROR(IF(INDEX(SK_D,MATCH(M92,SK_A,0))="",B92,INDEX(SK_D,MATCH(M92,SK_A,0))),B92),O92,HOLI),IFERROR(IF(INDEX(SK_D,MATCH(M92,SK_A,0))="",B92,INDEX(SK_D,MATCH(M92,SK_A,0))),B92)+O92),B92+O92)) | I92: Chưa làm | L92: =IF(E92="","",IF(I92="Bỏ qua","—",IF(I92="Xong",IF(AND(ISNUMBER(J92),ISNUMBER(H92),J92>H92),"Xong trễ","Xong"),IF(F92="","CHƯA GIAO","")&IF(NOT(ISNUMBER(H92)),"",IF(TODAY()>H92,IF(F92=""," · ","")&"QUÁ HẠN "&(TODAY()-H92)&" ngày",IF(H92-TODAY()<=3,IF(F92=""," · ","")&"Đến hạn "&IF(H92=TODAY(),"hôm nay","trong "&(H92-TODAY())&" ngày"),"")))))) | M92: VD-3 | N92: K33 | O92: 5 | P92: Làm việc | Q92: =IF(AND(E92<>"",R92="Có",I92<>"Xong",I92<>"Bỏ qua",ISNUMBER(H92)),H92+ROW()/100000,"") | R92: =IF(M92="","",IFERROR(INDEX(SK_L,MATCH(M92,SK_A,0)),""))
A93: =IF(M93="","",IFERROR(INDEX(SK_B,MATCH(M93,SK_A,0))&"","")) | B93: =IF(M93="","",IFERROR(INDEX(SK_C,MATCH(M93,SK_A,0)),"")) | C93: =IF(O93="","",IF(O93=0,"D",IF(O93<0,"D"&O93,"D+"&O93))) | D93: 11. Follow-up | E93: Sales báo kết quả chuyển đổi đơn hàng | F93: Sales Dental (ví dụ) | G93: NPP | H93: =IF(OR(B93="",O93=""),"",IF(O93>0,IF(P93="Làm việc",WORKDAY(IFERROR(IF(INDEX(SK_D,MATCH(M93,SK_A,0))="",B93,INDEX(SK_D,MATCH(M93,SK_A,0))),B93),O93,HOLI),IFERROR(IF(INDEX(SK_D,MATCH(M93,SK_A,0))="",B93,INDEX(SK_D,MATCH(M93,SK_A,0))),B93)+O93),B93+O93)) | I93: Chưa làm | L93: =IF(E93="","",IF(I93="Bỏ qua","—",IF(I93="Xong",IF(AND(ISNUMBER(J93),ISNUMBER(H93),J93>H93),"Xong trễ","Xong"),IF(F93="","CHƯA GIAO","")&IF(NOT(ISNUMBER(H93)),"",IF(TODAY()>H93,IF(F93=""," · ","")&"QUÁ HẠN "&(TODAY()-H93)&" ngày",IF(H93-TODAY()<=3,IF(F93=""," · ","")&"Đến hạn "&IF(H93=TODAY(),"hôm nay","trong "&(H93-TODAY())&" ngày"),"")))))) | M93: VD-3 | N93: K34 | O93: 20 | P93: Làm việc | Q93: =IF(AND(E93<>"",R93="Có",I93<>"Xong",I93<>"Bỏ qua",ISNUMBER(H93)),H93+ROW()/100000,"") | R93: =IF(M93="","",IFERROR(INDEX(SK_L,MATCH(M93,SK_A,0)),""))
A94: =IF(M94="","",IFERROR(INDEX(SK_B,MATCH(M94,SK_A,0))&"","")) | B94: =IF(M94="","",IFERROR(INDEX(SK_C,MATCH(M94,SK_A,0)),"")) | C94: =IF(O94="","",IF(O94=0,"D",IF(O94<0,"D"&O94,"D+"&O94))) | D94: 1. Kế hoạch | E94: Lập kế hoạch tổng quan (KOL, số khách, mục đích, KPI bán hàng, khuyến mại, khảo sát) + xin Giám đốc duyệt ngân sách | F94: Leader MKT (ví dụ) | G94: Sales, NPP | H94: =IF(OR(B94="",O94=""),"",IF(O94>0,IF(P94="Làm việc",WORKDAY(IFERROR(IF(INDEX(SK_D,MATCH(M94,SK_A,0))="",B94,INDEX(SK_D,MATCH(M94,SK_A,0))),B94),O94,HOLI),IFERROR(IF(INDEX(SK_D,MATCH(M94,SK_A,0))="",B94,INDEX(SK_D,MATCH(M94,SK_A,0))),B94)+O94),B94+O94)) | I94: Chưa làm | L94: =IF(E94="","",IF(I94="Bỏ qua","—",IF(I94="Xong",IF(AND(ISNUMBER(J94),ISNUMBER(H94),J94>H94),"Xong trễ","Xong"),IF(F94="","CHƯA GIAO","")&IF(NOT(ISNUMBER(H94)),"",IF(TODAY()>H94,IF(F94=""," · ","")&"QUÁ HẠN "&(TODAY()-H94)&" ngày",IF(H94-TODAY()<=3,IF(F94=""," · ","")&"Đến hạn "&IF(H94=TODAY(),"hôm nay","trong "&(H94-TODAY())&" ngày"),"")))))) | M94: VD-4 | N94: K01 | O94: -30 | P94: Lịch | Q94: =IF(AND(E94<>"",R94="Có",I94<>"Xong",I94<>"Bỏ qua",ISNUMBER(H94)),H94+ROW()/100000,"") | R94: =IF(M94="","",IFERROR(INDEX(SK_L,MATCH(M94,SK_A,0)),""))
A95: =IF(M95="","",IFERROR(INDEX(SK_B,MATCH(M95,SK_A,0))&"","")) | B95: =IF(M95="","",IFERROR(INDEX(SK_C,MATCH(M95,SK_A,0)),"")) | C95: =IF(O95="","",IF(O95=0,"D",IF(O95<0,"D"&O95,"D+"&O95))) | D95: 1. Kế hoạch | E95: Chia việc với NPP, Trường / Viện (tuyển sinh, đồ thực hành, MC, số bàn trưng bày) | F95: Leader MKT (ví dụ) | G95: NPP, Viện | H95: =IF(OR(B95="",O95=""),"",IF(O95>0,IF(P95="Làm việc",WORKDAY(IFERROR(IF(INDEX(SK_D,MATCH(M95,SK_A,0))="",B95,INDEX(SK_D,MATCH(M95,SK_A,0))),B95),O95,HOLI),IFERROR(IF(INDEX(SK_D,MATCH(M95,SK_A,0))="",B95,INDEX(SK_D,MATCH(M95,SK_A,0))),B95)+O95),B95+O95)) | I95: Chưa làm | L95: =IF(E95="","",IF(I95="Bỏ qua","—",IF(I95="Xong",IF(AND(ISNUMBER(J95),ISNUMBER(H95),J95>H95),"Xong trễ","Xong"),IF(F95="","CHƯA GIAO","")&IF(NOT(ISNUMBER(H95)),"",IF(TODAY()>H95,IF(F95=""," · ","")&"QUÁ HẠN "&(TODAY()-H95)&" ngày",IF(H95-TODAY()<=3,IF(F95=""," · ","")&"Đến hạn "&IF(H95=TODAY(),"hôm nay","trong "&(H95-TODAY())&" ngày"),"")))))) | M95: VD-4 | N95: K02 | O95: -30 | P95: Lịch | Q95: =IF(AND(E95<>"",R95="Có",I95<>"Xong",I95<>"Bỏ qua",ISNUMBER(H95)),H95+ROW()/100000,"") | R95: =IF(M95="","",IFERROR(INDEX(SK_L,MATCH(M95,SK_A,0)),""))
A96: =IF(M96="","",IFERROR(INDEX(SK_B,MATCH(M96,SK_A,0))&"","")) | B96: =IF(M96="","",IFERROR(INDEX(SK_C,MATCH(M96,SK_A,0)),"")) | C96: =IF(O96="","",IF(O96=0,"D",IF(O96<0,"D"&O96,"D+"&O96))) | D96: 2. KOL & đối tác | E96: Chốt KOL: hợp đồng, lịch di chuyển, xem trước bài giảng, người chăm sóc KOL | F96: Leader MKT (ví dụ) | G96: KOL | H96: =IF(OR(B96="",O96=""),"",IF(O96>0,IF(P96="Làm việc",WORKDAY(IFERROR(IF(INDEX(SK_D,MATCH(M96,SK_A,0))="",B96,INDEX(SK_D,MATCH(M96,SK_A,0))),B96),O96,HOLI),IFERROR(IF(INDEX(SK_D,MATCH(M96,SK_A,0))="",B96,INDEX(SK_D,MATCH(M96,SK_A,0))),B96)+O96),B96+O96)) | I96: Chưa làm | L96: =IF(E96="","",IF(I96="Bỏ qua","—",IF(I96="Xong",IF(AND(ISNUMBER(J96),ISNUMBER(H96),J96>H96),"Xong trễ","Xong"),IF(F96="","CHƯA GIAO","")&IF(NOT(ISNUMBER(H96)),"",IF(TODAY()>H96,IF(F96=""," · ","")&"QUÁ HẠN "&(TODAY()-H96)&" ngày",IF(H96-TODAY()<=3,IF(F96=""," · ","")&"Đến hạn "&IF(H96=TODAY(),"hôm nay","trong "&(H96-TODAY())&" ngày"),"")))))) | M96: VD-4 | N96: K03 | O96: -30 | P96: Lịch | Q96: =IF(AND(E96<>"",R96="Có",I96<>"Xong",I96<>"Bỏ qua",ISNUMBER(H96)),H96+ROW()/100000,"") | R96: =IF(M96="","",IFERROR(INDEX(SK_L,MATCH(M96,SK_A,0)),""))
A97: =IF(M97="","",IFERROR(INDEX(SK_B,MATCH(M97,SK_A,0))&"","")) | B97: =IF(M97="","",IFERROR(INDEX(SK_C,MATCH(M97,SK_A,0)),"")) | C97: =IF(O97="","",IF(O97=0,"D",IF(O97<0,"D"&O97,"D+"&O97))) | D97: 3. Tuyển sinh | E97: Mở tuyển sinh: form đăng ký (khảo sát trước, đồng ý dữ liệu, nguồn đăng ký) + nhóm Zalo khách | F97: Digital (ví dụ) | G97: Sales, NPP | H97: =IF(OR(B97="",O97=""),"",IF(O97>0,IF(P97="Làm việc",WORKDAY(IFERROR(IF(INDEX(SK_D,MATCH(M97,SK_A,0))="",B97,INDEX(SK_D,MATCH(M97,SK_A,0))),B97),O97,HOLI),IFERROR(IF(INDEX(SK_D,MATCH(M97,SK_A,0))="",B97,INDEX(SK_D,MATCH(M97,SK_A,0))),B97)+O97),B97+O97)) | I97: Chưa làm | L97: =IF(E97="","",IF(I97="Bỏ qua","—",IF(I97="Xong",IF(AND(ISNUMBER(J97),ISNUMBER(H97),J97>H97),"Xong trễ","Xong"),IF(F97="","CHƯA GIAO","")&IF(NOT(ISNUMBER(H97)),"",IF(TODAY()>H97,IF(F97=""," · ","")&"QUÁ HẠN "&(TODAY()-H97)&" ngày",IF(H97-TODAY()<=3,IF(F97=""," · ","")&"Đến hạn "&IF(H97=TODAY(),"hôm nay","trong "&(H97-TODAY())&" ngày"),"")))))) | M97: VD-4 | N97: K04 | O97: -30 | P97: Lịch | Q97: =IF(AND(E97<>"",R97="Có",I97<>"Xong",I97<>"Bỏ qua",ISNUMBER(H97)),H97+ROW()/100000,"") | R97: =IF(M97="","",IFERROR(INDEX(SK_L,MATCH(M97,SK_A,0)),""))
A98: =IF(M98="","",IFERROR(INDEX(SK_B,MATCH(M98,SK_A,0))&"","")) | B98: =IF(M98="","",IFERROR(INDEX(SK_C,MATCH(M98,SK_A,0)),"")) | C98: =IF(O98="","",IF(O98=0,"D",IF(O98<0,"D"&O98,"D+"&O98))) | D98: 3. Tuyển sinh | E98: Báo cáo số đăng ký theo nguồn cho team (thứ Hai hằng tuần, đến D-1) | F98: Leader MKT (ví dụ) | G98: Sales, NPP | H98: =IF(OR(B98="",O98=""),"",IF(O98>0,IF(P98="Làm việc",WORKDAY(IFERROR(IF(INDEX(SK_D,MATCH(M98,SK_A,0))="",B98,INDEX(SK_D,MATCH(M98,SK_A,0))),B98),O98,HOLI),IFERROR(IF(INDEX(SK_D,MATCH(M98,SK_A,0))="",B98,INDEX(SK_D,MATCH(M98,SK_A,0))),B98)+O98),B98+O98)) | I98: Chưa làm | L98: =IF(E98="","",IF(I98="Bỏ qua","—",IF(I98="Xong",IF(AND(ISNUMBER(J98),ISNUMBER(H98),J98>H98),"Xong trễ","Xong"),IF(F98="","CHƯA GIAO","")&IF(NOT(ISNUMBER(H98)),"",IF(TODAY()>H98,IF(F98=""," · ","")&"QUÁ HẠN "&(TODAY()-H98)&" ngày",IF(H98-TODAY()<=3,IF(F98=""," · ","")&"Đến hạn "&IF(H98=TODAY(),"hôm nay","trong "&(H98-TODAY())&" ngày"),"")))))) | M98: VD-4 | N98: K05 | O98: -1 | P98: Lịch | Q98: =IF(AND(E98<>"",R98="Có",I98<>"Xong",I98<>"Bỏ qua",ISNUMBER(H98)),H98+ROW()/100000,"") | R98: =IF(M98="","",IFERROR(INDEX(SK_L,MATCH(M98,SK_A,0)),""))
A99: =IF(M99="","",IFERROR(INDEX(SK_B,MATCH(M99,SK_A,0))&"","")) | B99: =IF(M99="","",IFERROR(INDEX(SK_C,MATCH(M99,SK_A,0)),"")) | C99: =IF(O99="","",IF(O99=0,"D",IF(O99<0,"D"&O99,"D+"&O99))) | D99: 3. Tuyển sinh | E99: Checkpoint D-14: đăng ký < 60% target ⇒ báo Giám đốc phương án | F99: Leader MKT (ví dụ) | G99: Giám đốc | H99: =IF(OR(B99="",O99=""),"",IF(O99>0,IF(P99="Làm việc",WORKDAY(IFERROR(IF(INDEX(SK_D,MATCH(M99,SK_A,0))="",B99,INDEX(SK_D,MATCH(M99,SK_A,0))),B99),O99,HOLI),IFERROR(IF(INDEX(SK_D,MATCH(M99,SK_A,0))="",B99,INDEX(SK_D,MATCH(M99,SK_A,0))),B99)+O99),B99+O99)) | I99: Chưa làm | L99: =IF(E99="","",IF(I99="Bỏ qua","—",IF(I99="Xong",IF(AND(ISNUMBER(J99),ISNUMBER(H99),J99>H99),"Xong trễ","Xong"),IF(F99="","CHƯA GIAO","")&IF(NOT(ISNUMBER(H99)),"",IF(TODAY()>H99,IF(F99=""," · ","")&"QUÁ HẠN "&(TODAY()-H99)&" ngày",IF(H99-TODAY()<=3,IF(F99=""," · ","")&"Đến hạn "&IF(H99=TODAY(),"hôm nay","trong "&(H99-TODAY())&" ngày"),"")))))) | M99: VD-4 | N99: K06 | O99: -14 | P99: Lịch | Q99: =IF(AND(E99<>"",R99="Có",I99<>"Xong",I99<>"Bỏ qua",ISNUMBER(H99)),H99+ROW()/100000,"") | R99: =IF(M99="","",IFERROR(INDEX(SK_L,MATCH(M99,SK_A,0)),""))
A100: =IF(M100="","",IFERROR(INDEX(SK_B,MATCH(M100,SK_A,0))&"","")) | B100: =IF(M100="","",IFERROR(INDEX(SK_C,MATCH(M100,SK_A,0)),"")) | C100: =IF(O100="","",IF(O100=0,"D",IF(O100<0,"D"&O100,"D+"&O100))) | D100: 3. Tuyển sinh | E100: Sales / NPP gửi đủ thông tin khách đăng ký hộ (Họ tên · SĐT · Nơi công tác) | F100: Sales Surgical (ví dụ) | G100: NPP | H100: =IF(OR(B100="",O100=""),"",IF(O100>0,IF(P100="Làm việc",WORKDAY(IFERROR(IF(INDEX(SK_D,MATCH(M100,SK_A,0))="",B100,INDEX(SK_D,MATCH(M100,SK_A,0))),B100),O100,HOLI),IFERROR(IF(INDEX(SK_D,MATCH(M100,SK_A,0))="",B100,INDEX(SK_D,MATCH(M100,SK_A,0))),B100)+O100),B100+O100)) | I100: Chưa làm | L100: =IF(E100="","",IF(I100="Bỏ qua","—",IF(I100="Xong",IF(AND(ISNUMBER(J100),ISNUMBER(H100),J100>H100),"Xong trễ","Xong"),IF(F100="","CHƯA GIAO","")&IF(NOT(ISNUMBER(H100)),"",IF(TODAY()>H100,IF(F100=""," · ","")&"QUÁ HẠN "&(TODAY()-H100)&" ngày",IF(H100-TODAY()<=3,IF(F100=""," · ","")&"Đến hạn "&IF(H100=TODAY(),"hôm nay","trong "&(H100-TODAY())&" ngày"),"")))))) | M100: VD-4 | N100: K07 | O100: -5 | P100: Lịch | Q100: =IF(AND(E100<>"",R100="Có",I100<>"Xong",I100<>"Bỏ qua",ISNUMBER(H100)),H100+ROW()/100000,"") | R100: =IF(M100="","",IFERROR(INDEX(SK_L,MATCH(M100,SK_A,0)),""))
A101: =IF(M101="","",IFERROR(INDEX(SK_B,MATCH(M101,SK_A,0))&"","")) | B101: =IF(M101="","",IFERROR(INDEX(SK_C,MATCH(M101,SK_A,0)),"")) | C101: =IF(O101="","",IF(O101=0,"D",IF(O101<0,"D"&O101,"D+"&O101))) | D101: 4. Truyền thông | E101: Đăng chuỗi bài truyền thông sự kiện | F101: Digital (ví dụ) | G101: Sales, NPP chia sẻ | H101: =IF(OR(B101="",O101=""),"",IF(O101>0,IF(P101="Làm việc",WORKDAY(IFERROR(IF(INDEX(SK_D,MATCH(M101,SK_A,0))="",B101,INDEX(SK_D,MATCH(M101,SK_A,0))),B101),O101,HOLI),IFERROR(IF(INDEX(SK_D,MATCH(M101,SK_A,0))="",B101,INDEX(SK_D,MATCH(M101,SK_A,0))),B101)+O101),B101+O101)) | I101: Chưa làm | L101: =IF(E101="","",IF(I101="Bỏ qua","—",IF(I101="Xong",IF(AND(ISNUMBER(J101),ISNUMBER(H101),J101>H101),"Xong trễ","Xong"),IF(F101="","CHƯA GIAO","")&IF(NOT(ISNUMBER(H101)),"",IF(TODAY()>H101,IF(F101=""," · ","")&"QUÁ HẠN "&(TODAY()-H101)&" ngày",IF(H101-TODAY()<=3,IF(F101=""," · ","")&"Đến hạn "&IF(H101=TODAY(),"hôm nay","trong "&(H101-TODAY())&" ngày"),"")))))) | M101: VD-4 | N101: K08 | O101: -14 | P101: Lịch | Q101: =IF(AND(E101<>"",R101="Có",I101<>"Xong",I101<>"Bỏ qua",ISNUMBER(H101)),H101+ROW()/100000,"") | R101: =IF(M101="","",IFERROR(INDEX(SK_L,MATCH(M101,SK_A,0)),""))
A102: =IF(M102="","",IFERROR(INDEX(SK_B,MATCH(M102,SK_A,0))&"","")) | B102: =IF(M102="","",IFERROR(INDEX(SK_C,MATCH(M102,SK_A,0)),"")) | C102: =IF(O102="","",IF(O102=0,"D",IF(O102<0,"D"&O102,"D+"&O102))) | D102: 5. Địa điểm & hậu cần | E102: Đặt địa điểm (ngày, phòng, sức chứa, báo giá) | F102: Trade (ví dụ) | G102: Địa điểm | H102: =IF(OR(B102="",O102=""),"",IF(O102>0,IF(P102="Làm việc",WORKDAY(IFERROR(IF(INDEX(SK_D,MATCH(M102,SK_A,0))="",B102,INDEX(SK_D,MATCH(M102,SK_A,0))),B102),O102,HOLI),IFERROR(IF(INDEX(SK_D,MATCH(M102,SK_A,0))="",B102,INDEX(SK_D,MATCH(M102,SK_A,0))),B102)+O102),B102+O102)) | I102: Chưa làm | L102: =IF(E102="","",IF(I102="Bỏ qua","—",IF(I102="Xong",IF(AND(ISNUMBER(J102),ISNUMBER(H102),J102>H102),"Xong trễ","Xong"),IF(F102="","CHƯA GIAO","")&IF(NOT(ISNUMBER(H102)),"",IF(TODAY()>H102,IF(F102=""," · ","")&"QUÁ HẠN "&(TODAY()-H102)&" ngày",IF(H102-TODAY()<=3,IF(F102=""," · ","")&"Đến hạn "&IF(H102=TODAY(),"hôm nay","trong "&(H102-TODAY())&" ngày"),"")))))) | M102: VD-4 | N102: K09 | O102: -30 | P102: Lịch | Q102: =IF(AND(E102<>"",R102="Có",I102<>"Xong",I102<>"Bỏ qua",ISNUMBER(H102)),H102+ROW()/100000,"") | R102: =IF(M102="","",IFERROR(INDEX(SK_L,MATCH(M102,SK_A,0)),""))
A103: =IF(M103="","",IFERROR(INDEX(SK_B,MATCH(M103,SK_A,0))&"","")) | B103: =IF(M103="","",IFERROR(INDEX(SK_C,MATCH(M103,SK_A,0)),"")) | C103: =IF(O103="","",IF(O103=0,"D",IF(O103<0,"D"&O103,"D+"&O103))) | D103: 5. Địa điểm & hậu cần | E103: Chốt setup với địa điểm: sơ đồ, tea break / ăn trưa, kỹ thuật, sự kiện khác cùng giờ | F103: Trade (ví dụ) | G103: Địa điểm | H103: =IF(OR(B103="",O103=""),"",IF(O103>0,IF(P103="Làm việc",WORKDAY(IFERROR(IF(INDEX(SK_D,MATCH(M103,SK_A,0))="",B103,INDEX(SK_D,MATCH(M103,SK_A,0))),B103),O103,HOLI),IFERROR(IF(INDEX(SK_D,MATCH(M103,SK_A,0))="",B103,INDEX(SK_D,MATCH(M103,SK_A,0))),B103)+O103),B103+O103)) | I103: Chưa làm | L103: =IF(E103="","",IF(I103="Bỏ qua","—",IF(I103="Xong",IF(AND(ISNUMBER(J103),ISNUMBER(H103),J103>H103),"Xong trễ","Xong"),IF(F103="","CHƯA GIAO","")&IF(NOT(ISNUMBER(H103)),"",IF(TODAY()>H103,IF(F103=""," · ","")&"QUÁ HẠN "&(TODAY()-H103)&" ngày",IF(H103-TODAY()<=3,IF(F103=""," · ","")&"Đến hạn "&IF(H103=TODAY(),"hôm nay","trong "&(H103-TODAY())&" ngày"),"")))))) | M103: VD-4 | N103: K10 | O103: -14 | P103: Lịch | Q103: =IF(AND(E103<>"",R103="Có",I103<>"Xong",I103<>"Bỏ qua",ISNUMBER(H103)),H103+ROW()/100000,"") | R103: =IF(M103="","",IFERROR(INDEX(SK_L,MATCH(M103,SK_A,0)),""))
... A117: =IF(M117="","",IFERROR(INDEX(SK_B,MATCH(M117,SK_A,0))&"","")) | B117: =IF(M117="","",IFERROR(INDEX(SK_C,MATCH(M117,SK_A,0)),"")) | C117: =IF(O117="","",IF(O117=0,"D",IF(O117<0,"D"&O117,"D+"&O117))) | D117: 9. Ngày D | E117: Thu dọn, kiểm đếm, ghi POSM hỏng | F117: Trade (ví dụ) | G117: NPP | H117: =IF(OR(B117="",O117=""),"",IF(O117>0,IF(P117="Làm việc",WORKDAY(IFERROR(IF(INDEX(SK_D,MATCH(M117,SK_A,0))="",B117,INDEX(SK_D,MATCH(M117,SK_A,0))),B117),O117,HOLI),IFERROR(IF(INDEX(SK_D,MATCH(M117,SK_A,0))="",B117,INDEX(SK_D,MATCH(M117,SK_A,0))),B117)+O117),B117+O117)) | I117: Chưa làm | L117: =IF(E117="","",IF(I117="Bỏ qua","—",IF(I117="Xong",IF(AND(ISNUMBER(J117),ISNUMBER(H117),J117>H117),"Xong trễ","Xong"),IF(F117="","CHƯA GIAO","")&IF(NOT(ISNUMBER(H117)),"",IF(TODAY()>H117,IF(F117=""," · ","")&"QUÁ HẠN "&(TODAY()-H117)&" ngày",IF(H117-TODAY()<=3,IF(F117=""," · ","")&"Đến hạn "&IF(H117=TODAY(),"hôm nay","trong "&(H117-TODAY())&" ngày"),"")))))) | M117: VD-4 | N117: K25 | O117: 0 | P117: Lịch | Q117: =IF(AND(E117<>"",R117="Có",I117<>"Xong",I117<>"Bỏ qua",ISNUMBER(H117)),H117+ROW()/100000,"") | R117: =IF(M117="","",IFERROR(INDEX(SK_L,MATCH(M117,SK_A,0)),""))
A118: =IF(M118="","",IFERROR(INDEX(SK_B,MATCH(M118,SK_A,0))&"","")) | B118: =IF(M118="","",IFERROR(INDEX(SK_C,MATCH(M118,SK_A,0)),"")) | C118: =IF(O118="","",IF(O118=0,"D",IF(O118<0,"D"&O118,"D+"&O118))) | D118: 10. Sau sự kiện | E118: Bài cảm ơn + ảnh recap; video recap (nếu có) | F118: Digital (ví dụ) | H118: =IF(OR(B118="",O118=""),"",IF(O118>0,IF(P118="Làm việc",WORKDAY(IFERROR(IF(INDEX(SK_D,MATCH(M118,SK_A,0))="",B118,INDEX(SK_D,MATCH(M118,SK_A,0))),B118),O118,HOLI),IFERROR(IF(INDEX(SK_D,MATCH(M118,SK_A,0))="",B118,INDEX(SK_D,MATCH(M118,SK_A,0))),B118)+O118),B118+O118)) | I118: Chưa làm | L118: =IF(E118="","",IF(I118="Bỏ qua","—",IF(I118="Xong",IF(AND(ISNUMBER(J118),ISNUMBER(H118),J118>H118),"Xong trễ","Xong"),IF(F118="","CHƯA GIAO","")&IF(NOT(ISNUMBER(H118)),"",IF(TODAY()>H118,IF(F118=""," · ","")&"QUÁ HẠN "&(TODAY()-H118)&" ngày",IF(H118-TODAY()<=3,IF(F118=""," · ","")&"Đến hạn "&IF(H118=TODAY(),"hôm nay","trong "&(H118-TODAY())&" ngày"),"")))))) | M118: VD-4 | N118: K26 | O118: 2 | P118: Làm việc | Q118: =IF(AND(E118<>"",R118="Có",I118<>"Xong",I118<>"Bỏ qua",ISNUMBER(H118)),H118+ROW()/100000,"") | R118: =IF(M118="","",IFERROR(INDEX(SK_L,MATCH(M118,SK_A,0)),""))
A119: =IF(M119="","",IFERROR(INDEX(SK_B,MATCH(M119,SK_A,0))&"","")) | B119: =IF(M119="","",IFERROR(INDEX(SK_C,MATCH(M119,SK_A,0)),"")) | C119: =IF(O119="","",IF(O119=0,"D",IF(O119<0,"D"&O119,"D+"&O119))) | D119: 10. Sau sự kiện | E119: Scan biểu mẫu ký tay + upload ảnh / video lên folder sự kiện | F119: Trade (ví dụ) | G119: Digital MKT | H119: =IF(OR(B119="",O119=""),"",IF(O119>0,IF(P119="Làm việc",WORKDAY(IFERROR(IF(INDEX(SK_D,MATCH(M119,SK_A,0))="",B119,INDEX(SK_D,MATCH(M119,SK_A,0))),B119),O119,HOLI),IFERROR(IF(INDEX(SK_D,MATCH(M119,SK_A,0))="",B119,INDEX(SK_D,MATCH(M119,SK_A,0))),B119)+O119),B119+O119)) | I119: Chưa làm | L119: =IF(E119="","",IF(I119="Bỏ qua","—",IF(I119="Xong",IF(AND(ISNUMBER(J119),ISNUMBER(H119),J119>H119),"Xong trễ","Xong"),IF(F119="","CHƯA GIAO","")&IF(NOT(ISNUMBER(H119)),"",IF(TODAY()>H119,IF(F119=""," · ","")&"QUÁ HẠN "&(TODAY()-H119)&" ngày",IF(H119-TODAY()<=3,IF(F119=""," · ","")&"Đến hạn "&IF(H119=TODAY(),"hôm nay","trong "&(H119-TODAY())&" ngày"),"")))))) | M119: VD-4 | N119: K27 | O119: 2 | P119: Làm việc | Q119: =IF(AND(E119<>"",R119="Có",I119<>"Xong",I119<>"Bỏ qua",ISNUMBER(H119)),H119+ROW()/100000,"") | R119: =IF(M119="","",IFERROR(INDEX(SK_L,MATCH(M119,SK_A,0)),""))
A120: =IF(M120="","",IFERROR(INDEX(SK_B,MATCH(M120,SK_A,0))&"","")) | B120: =IF(M120="","",IFERROR(INDEX(SK_C,MATCH(M120,SK_A,0)),"")) | C120: =IF(O120="","",IF(O120=0,"D",IF(O120<0,"D"&O120,"D+"&O120))) | D120: 10. Sau sự kiện | E120: Đối chiếu dữ liệu khách (loại trùng, đủ trường) ⇒ CUSTOMER LIST; tổng hợp khảo sát | F120: Digital (ví dụ) | G120: Sales, NPP | H120: =IF(OR(B120="",O120=""),"",IF(O120>0,IF(P120="Làm việc",WORKDAY(IFERROR(IF(INDEX(SK_D,MATCH(M120,SK_A,0))="",B120,INDEX(SK_D,MATCH(M120,SK_A,0))),B120),O120,HOLI),IFERROR(IF(INDEX(SK_D,MATCH(M120,SK_A,0))="",B120,INDEX(SK_D,MATCH(M120,SK_A,0))),B120)+O120),B120+O120)) | I120: Chưa làm | L120: =IF(E120="","",IF(I120="Bỏ qua","—",IF(I120="Xong",IF(AND(ISNUMBER(J120),ISNUMBER(H120),J120>H120),"Xong trễ","Xong"),IF(F120="","CHƯA GIAO","")&IF(NOT(ISNUMBER(H120)),"",IF(TODAY()>H120,IF(F120=""," · ","")&"QUÁ HẠN "&(TODAY()-H120)&" ngày",IF(H120-TODAY()<=3,IF(F120=""," · ","")&"Đến hạn "&IF(H120=TODAY(),"hôm nay","trong "&(H120-TODAY())&" ngày"),"")))))) | M120: VD-4 | N120: K28 | O120: 3 | P120: Làm việc | Q120: =IF(AND(E120<>"",R120="Có",I120<>"Xong",I120<>"Bỏ qua",ISNUMBER(H120)),H120+ROW()/100000,"") | R120: =IF(M120="","",IFERROR(INDEX(SK_L,MATCH(M120,SK_A,0)),""))
A121: =IF(M121="","",IFERROR(INDEX(SK_B,MATCH(M121,SK_A,0))&"","")) | B121: =IF(M121="","",IFERROR(INDEX(SK_C,MATCH(M121,SK_A,0)),"")) | C121: =IF(O121="","",IF(O121=0,"D",IF(O121<0,"D"&O121,"D+"&O121))) | D121: 10. Sau sự kiện | E121: Sales + NPP gửi số liệu bán hàng tại sự kiện | F121: Sales Surgical (ví dụ) | G121: NPP | H121: =IF(OR(B121="",O121=""),"",IF(O121>0,IF(P121="Làm việc",WORKDAY(IFERROR(IF(INDEX(SK_D,MATCH(M121,SK_A,0))="",B121,INDEX(SK_D,MATCH(M121,SK_A,0))),B121),O121,HOLI),IFERROR(IF(INDEX(SK_D,MATCH(M121,SK_A,0))="",B121,INDEX(SK_D,MATCH(M121,SK_A,0))),B121)+O121),B121+O121)) | I121: Chưa làm | L121: =IF(E121="","",IF(I121="Bỏ qua","—",IF(I121="Xong",IF(AND(ISNUMBER(J121),ISNUMBER(H121),J121>H121),"Xong trễ","Xong"),IF(F121="","CHƯA GIAO","")&IF(NOT(ISNUMBER(H121)),"",IF(TODAY()>H121,IF(F121=""," · ","")&"QUÁ HẠN "&(TODAY()-H121)&" ngày",IF(H121-TODAY()<=3,IF(F121=""," · ","")&"Đến hạn "&IF(H121=TODAY(),"hôm nay","trong "&(H121-TODAY())&" ngày"),"")))))) | M121: VD-4 | N121: K29 | O121: 3 | P121: Làm việc | Q121: =IF(AND(E121<>"",R121="Có",I121<>"Xong",I121<>"Bỏ qua",ISNUMBER(H121)),H121+ROW()/100000,"") | R121: =IF(M121="","",IFERROR(INDEX(SK_L,MATCH(M121,SK_A,0)),""))
A122: =IF(M122="","",IFERROR(INDEX(SK_B,MATCH(M122,SK_A,0))&"","")) | B122: =IF(M122="","",IFERROR(INDEX(SK_C,MATCH(M122,SK_A,0)),"")) | C122: =IF(O122="","",IF(O122=0,"D",IF(O122<0,"D"&O122,"D+"&O122))) | D122: 10. Sau sự kiện | E122: Bàn giao danh sách khách cần follow-up cho Sales | F122: Digital (ví dụ) | G122: Sales | H122: =IF(OR(B122="",O122=""),"",IF(O122>0,IF(P122="Làm việc",WORKDAY(IFERROR(IF(INDEX(SK_D,MATCH(M122,SK_A,0))="",B122,INDEX(SK_D,MATCH(M122,SK_A,0))),B122),O122,HOLI),IFERROR(IF(INDEX(SK_D,MATCH(M122,SK_A,0))="",B122,INDEX(SK_D,MATCH(M122,SK_A,0))),B122)+O122),B122+O122)) | I122: Chưa làm | L122: =IF(E122="","",IF(I122="Bỏ qua","—",IF(I122="Xong",IF(AND(ISNUMBER(J122),ISNUMBER(H122),J122>H122),"Xong trễ","Xong"),IF(F122="","CHƯA GIAO","")&IF(NOT(ISNUMBER(H122)),"",IF(TODAY()>H122,IF(F122=""," · ","")&"QUÁ HẠN "&(TODAY()-H122)&" ngày",IF(H122-TODAY()<=3,IF(F122=""," · ","")&"Đến hạn "&IF(H122=TODAY(),"hôm nay","trong "&(H122-TODAY())&" ngày"),"")))))) | M122: VD-4 | N122: K30 | O122: 3 | P122: Làm việc | Q122: =IF(AND(E122<>"",R122="Có",I122<>"Xong",I122<>"Bỏ qua",ISNUMBER(H122)),H122+ROW()/100000,"") | R122: =IF(M122="","",IFERROR(INDEX(SK_L,MATCH(M122,SK_A,0)),""))
A123: =IF(M123="","",IFERROR(INDEX(SK_B,MATCH(M123,SK_A,0))&"","")) | B123: =IF(M123="","",IFERROR(INDEX(SK_C,MATCH(M123,SK_A,0)),"")) | C123: =IF(O123="","",IF(O123=0,"D",IF(O123<0,"D"&O123,"D+"&O123))) | D123: 10. Sau sự kiện | E123: Báo cáo sự kiện + chứng từ KOL, hoá đơn địa điểm | F123: Leader MKT (ví dụ) | G123: Trade MKT | H123: =IF(OR(B123="",O123=""),"",IF(O123>0,IF(P123="Làm việc",WORKDAY(IFERROR(IF(INDEX(SK_D,MATCH(M123,SK_A,0))="",B123,INDEX(SK_D,MATCH(M123,SK_A,0))),B123),O123,HOLI),IFERROR(IF(INDEX(SK_D,MATCH(M123,SK_A,0))="",B123,INDEX(SK_D,MATCH(M123,SK_A,0))),B123)+O123),B123+O123)) | I123: Chưa làm | L123: =IF(E123="","",IF(I123="Bỏ qua","—",IF(I123="Xong",IF(AND(ISNUMBER(J123),ISNUMBER(H123),J123>H123),"Xong trễ","Xong"),IF(F123="","CHƯA GIAO","")&IF(NOT(ISNUMBER(H123)),"",IF(TODAY()>H123,IF(F123=""," · ","")&"QUÁ HẠN "&(TODAY()-H123)&" ngày",IF(H123-TODAY()<=3,IF(F123=""," · ","")&"Đến hạn "&IF(H123=TODAY(),"hôm nay","trong "&(H123-TODAY())&" ngày"),"")))))) | M123: VD-4 | N123: K31 | O123: 5 | P123: Làm việc | Q123: =IF(AND(E123<>"",R123="Có",I123<>"Xong",I123<>"Bỏ qua",ISNUMBER(H123)),H123+ROW()/100000,"") | R123: =IF(M123="","",IFERROR(INDEX(SK_L,MATCH(M123,SK_A,0)),""))
...

Sheet Sự kiện
A1: DANH SÁCH SỰ KIỆN
A2: Cột xám TỰ ĐỒNG BỘ từ file "2. Vietnam - Marketing Offline FY68" (PLAN_EVENT + REPORT_EVENT, 10 phút / lần) — sửa tên / ngày ở file Offline. Cột xanh do Owner nhập.
A4: Mã SK | B4: Tên sự kiện | C4: Ngày D | D4: Ngày kết thúc | E4: Loại sự kiện | F4: Hình thức | G4: Địa điểm | H4: KOL | I4: Nguồn | J4: Trạng thái (file Offline) | K4: Owner | L4: Theo dõi | M4: Việc | N4: Xong | O4: Quá hạn | P4: Chưa giao | Q4: % | R4: Tiến độ | S4: Thời gian | T4: _k
A5: VD-1 | B5: Hội thảo nha khoa tháng 10 (ví dụ) | C5: 46312 | E5: Hội thảo | F5: Trực tiếp | G5: Hà Nội | H5: KOL A | I5: REPORT | J5: Done | K5: Leader MKT (ví dụ) | L5: Có | M5: =IF(A5="","",COUNTIFS('Giao việc'!$M$5:$M$3004,A5,'Giao việc'!$I$5:$I$3004,"<>Bỏ qua")) | N5: =IF(A5="","",COUNTIFS('Giao việc'!$M$5:$M$3004,A5,'Giao việc'!$I$5:$I$3004,"Xong")) | O5: =IF(A5="","",COUNTIFS('Giao việc'!$M$5:$M$3004,A5,'Giao việc'!$L$5:$L$3004,"*QUÁ HẠN*")) | P5: =IF(A5="","",COUNTIFS('Giao việc'!$M$5:$M$3004,A5,'Giao việc'!$L$5:$L$3004,"CHƯA GIAO*")) | Q5: =IF(OR(A5="",N(M5)=0),"",N5/M5) | R5: =IF(Q5="","",REPT("█",ROUND(Q5*10,0))&REPT("░",10-ROUND(Q5*10,0))) | S5: =IF(C5="","Chưa có ngày",IF(C5>TODAY(),"Còn "&(C5-TODAY())&" ngày",IF(IF(D5="",C5,D5)>=TODAY(),"Đang diễn ra","Đã qua "&(TODAY()-IF(D5="",C5,D5))&" ngày"))) | T5: =IF(AND(A5<>"",L5="Có",ISNUMBER(C5)),IF(IF(D5="",C5,D5)>=TODAY()-35,C5+ROW()/100000,""),"")
A6: VD-2 | B6: Khoá học nội nha thực hành – Hà Nội (ví dụ) | C6: 46334 | E6: Workshop | F6: Trực tiếp | G6: Hà Nội | H6: KOL B | I6: PLAN | J6: Confirmed | K6: Leader MKT (ví dụ) | L6: Có | M6: =IF(A6="","",COUNTIFS('Giao việc'!$M$5:$M$3004,A6,'Giao việc'!$I$5:$I$3004,"<>Bỏ qua")) | N6: =IF(A6="","",COUNTIFS('Giao việc'!$M$5:$M$3004,A6,'Giao việc'!$I$5:$I$3004,"Xong")) | O6: =IF(A6="","",COUNTIFS('Giao việc'!$M$5:$M$3004,A6,'Giao việc'!$L$5:$L$3004,"*QUÁ HẠN*")) | P6: =IF(A6="","",COUNTIFS('Giao việc'!$M$5:$M$3004,A6,'Giao việc'!$L$5:$L$3004,"CHƯA GIAO*")) | Q6: =IF(OR(A6="",N(M6)=0),"",N6/M6) | R6: =IF(Q6="","",REPT("█",ROUND(Q6*10,0))&REPT("░",10-ROUND(Q6*10,0))) | S6: =IF(C6="","Chưa có ngày",IF(C6>TODAY(),"Còn "&(C6-TODAY())&" ngày",IF(IF(D6="",C6,D6)>=TODAY(),"Đang diễn ra","Đã qua "&(TODAY()-IF(D6="",C6,D6))&" ngày"))) | T6: =IF(AND(A6<>"",L6="Có",ISNUMBER(C6)),IF(IF(D6="",C6,D6)>=TODAY()-35,C6+ROW()/100000,""),"")
A7: VD-3 | B7: Webinar phục hồi Composite (ví dụ) | C7: 46346 | E7: Webinar | F7: Webinar | G7: Zoom | H7: KOL C | I7: PLAN | J7: Confirmed | K7: Leader MKT (ví dụ) | L7: Có | M7: =IF(A7="","",COUNTIFS('Giao việc'!$M$5:$M$3004,A7,'Giao việc'!$I$5:$I$3004,"<>Bỏ qua")) | N7: =IF(A7="","",COUNTIFS('Giao việc'!$M$5:$M$3004,A7,'Giao việc'!$I$5:$I$3004,"Xong")) | O7: =IF(A7="","",COUNTIFS('Giao việc'!$M$5:$M$3004,A7,'Giao việc'!$L$5:$L$3004,"*QUÁ HẠN*")) | P7: =IF(A7="","",COUNTIFS('Giao việc'!$M$5:$M$3004,A7,'Giao việc'!$L$5:$L$3004,"CHƯA GIAO*")) | Q7: =IF(OR(A7="",N(M7)=0),"",N7/M7) | R7: =IF(Q7="","",REPT("█",ROUND(Q7*10,0))&REPT("░",10-ROUND(Q7*10,0))) | S7: =IF(C7="","Chưa có ngày",IF(C7>TODAY(),"Còn "&(C7-TODAY())&" ngày",IF(IF(D7="",C7,D7)>=TODAY(),"Đang diễn ra","Đã qua "&(TODAY()-IF(D7="",C7,D7))&" ngày"))) | T7: =IF(AND(A7<>"",L7="Có",ISNUMBER(C7)),IF(IF(D7="",C7,D7)>=TODAY()-35,C7+ROW()/100000,""),"")
A8: VD-4 | B8: Hội thảo nhãn khoa – Đà Nẵng (ví dụ) | C8: 46368 | D8: 46369 | E8: Hội thảo | F8: Trực tiếp | G8: Đà Nẵng | H8: KOL D | I8: PLAN | J8: Planning | K8: Leader MKT (ví dụ) | L8: Có | M8: =IF(A8="","",COUNTIFS('Giao việc'!$M$5:$M$3004,A8,'Giao việc'!$I$5:$I$3004,"<>Bỏ qua")) | N8: =IF(A8="","",COUNTIFS('Giao việc'!$M$5:$M$3004,A8,'Giao việc'!$I$5:$I$3004,"Xong")) | O8: =IF(A8="","",COUNTIFS('Giao việc'!$M$5:$M$3004,A8,'Giao việc'!$L$5:$L$3004,"*QUÁ HẠN*")) | P8: =IF(A8="","",COUNTIFS('Giao việc'!$M$5:$M$3004,A8,'Giao việc'!$L$5:$L$3004,"CHƯA GIAO*")) | Q8: =IF(OR(A8="",N(M8)=0),"",N8/M8) | R8: =IF(Q8="","",REPT("█",ROUND(Q8*10,0))&REPT("░",10-ROUND(Q8*10,0))) | S8: =IF(C8="","Chưa có ngày",IF(C8>TODAY(),"Còn "&(C8-TODAY())&" ngày",IF(IF(D8="",C8,D8)>=TODAY(),"Đang diễn ra","Đã qua "&(TODAY()-IF(D8="",C8,D8))&" ngày"))) | T8: =IF(AND(A8<>"",L8="Có",ISNUMBER(C8)),IF(IF(D8="",C8,D8)>=TODAY()-35,C8+ROW()/100000,""),"")
A9: VD-5 | B9: Workshop phẫu thuật – TP.HCM (ví dụ) | C9: 46403 | E9: Workshop | F9: Trực tiếp | G9: TP.HCM | H9: KOL E | I9: PLAN | J9: Planning | K9: Leader MKT (ví dụ) | L9: Có | M9: =IF(A9="","",COUNTIFS('Giao việc'!$M$5:$M$3004,A9,'Giao việc'!$I$5:$I$3004,"<>Bỏ qua")) | N9: =IF(A9="","",COUNTIFS('Giao việc'!$M$5:$M$3004,A9,'Giao việc'!$I$5:$I$3004,"Xong")) | O9: =IF(A9="","",COUNTIFS('Giao việc'!$M$5:$M$3004,A9,'Giao việc'!$L$5:$L$3004,"*QUÁ HẠN*")) | P9: =IF(A9="","",COUNTIFS('Giao việc'!$M$5:$M$3004,A9,'Giao việc'!$L$5:$L$3004,"CHƯA GIAO*")) | Q9: =IF(OR(A9="",N(M9)=0),"",N9/M9) | R9: =IF(Q9="","",REPT("█",ROUND(Q9*10,0))&REPT("░",10-ROUND(Q9*10,0))) | S9: =IF(C9="","Chưa có ngày",IF(C9>TODAY(),"Còn "&(C9-TODAY())&" ngày",IF(IF(D9="",C9,D9)>=TODAY(),"Đang diễn ra","Đã qua "&(TODAY()-IF(D9="",C9,D9))&" ngày"))) | T9: =IF(AND(A9<>"",L9="Có",ISNUMBER(C9)),IF(IF(D9="",C9,D9)>=TODAY()-35,C9+ROW()/100000,""),"")
M10: =IF(A10="","",COUNTIFS('Giao việc'!$M$5:$M$3004,A10,'Giao việc'!$I$5:$I$3004,"<>Bỏ qua")) | N10: =IF(A10="","",COUNTIFS('Giao việc'!$M$5:$M$3004,A10,'Giao việc'!$I$5:$I$3004,"Xong")) | O10: =IF(A10="","",COUNTIFS('Giao việc'!$M$5:$M$3004,A10,'Giao việc'!$L$5:$L$3004,"*QUÁ HẠN*")) | P10: =IF(A10="","",COUNTIFS('Giao việc'!$M$5:$M$3004,A10,'Giao việc'!$L$5:$L$3004,"CHƯA GIAO*")) | Q10: =IF(OR(A10="",N(M10)=0),"",N10/M10) | R10: =IF(Q10="","",REPT("█",ROUND(Q10*10,0))&REPT("░",10-ROUND(Q10*10,0))) | S10: =IF(C10="","Chưa có ngày",IF(C10>TODAY(),"Còn "&(C10-TODAY())&" ngày",IF(IF(D10="",C10,D10)>=TODAY(),"Đang diễn ra","Đã qua "&(TODAY()-IF(D10="",C10,D10))&" ngày"))) | T10: =IF(AND(A10<>"",L10="Có",ISNUMBER(C10)),IF(IF(D10="",C10,D10)>=TODAY()-35,C10+ROW()/100000,""),"")
M11: =IF(A11="","",COUNTIFS('Giao việc'!$M$5:$M$3004,A11,'Giao việc'!$I$5:$I$3004,"<>Bỏ qua")) | N11: =IF(A11="","",COUNTIFS('Giao việc'!$M$5:$M$3004,A11,'Giao việc'!$I$5:$I$3004,"Xong")) | O11: =IF(A11="","",COUNTIFS('Giao việc'!$M$5:$M$3004,A11,'Giao việc'!$L$5:$L$3004,"*QUÁ HẠN*")) | P11: =IF(A11="","",COUNTIFS('Giao việc'!$M$5:$M$3004,A11,'Giao việc'!$L$5:$L$3004,"CHƯA GIAO*")) | Q11: =IF(OR(A11="",N(M11)=0),"",N11/M11) | R11: =IF(Q11="","",REPT("█",ROUND(Q11*10,0))&REPT("░",10-ROUND(Q11*10,0))) | S11: =IF(C11="","Chưa có ngày",IF(C11>TODAY(),"Còn "&(C11-TODAY())&" ngày",IF(IF(D11="",C11,D11)>=TODAY(),"Đang diễn ra","Đã qua "&(TODAY()-IF(D11="",C11,D11))&" ngày"))) | T11: =IF(AND(A11<>"",L11="Có",ISNUMBER(C11)),IF(IF(D11="",C11,D11)>=TODAY()-35,C11+ROW()/100000,""),"")
M12: =IF(A12="","",COUNTIFS('Giao việc'!$M$5:$M$3004,A12,'Giao việc'!$I$5:$I$3004,"<>Bỏ qua")) | N12: =IF(A12="","",COUNTIFS('Giao việc'!$M$5:$M$3004,A12,'Giao việc'!$I$5:$I$3004,"Xong")) | O12: =IF(A12="","",COUNTIFS('Giao việc'!$M$5:$M$3004,A12,'Giao việc'!$L$5:$L$3004,"*QUÁ HẠN*")) | P12: =IF(A12="","",COUNTIFS('Giao việc'!$M$5:$M$3004,A12,'Giao việc'!$L$5:$L$3004,"CHƯA GIAO*")) | Q12: =IF(OR(A12="",N(M12)=0),"",N12/M12) | R12: =IF(Q12="","",REPT("█",ROUND(Q12*10,0))&REPT("░",10-ROUND(Q12*10,0))) | S12: =IF(C12="","Chưa có ngày",IF(C12>TODAY(),"Còn "&(C12-TODAY())&" ngày",IF(IF(D12="",C12,D12)>=TODAY(),"Đang diễn ra","Đã qua "&(TODAY()-IF(D12="",C12,D12))&" ngày"))) | T12: =IF(AND(A12<>"",L12="Có",ISNUMBER(C12)),IF(IF(D12="",C12,D12)>=TODAY()-35,C12+ROW()/100000,""),"")
M13: =IF(A13="","",COUNTIFS('Giao việc'!$M$5:$M$3004,A13,'Giao việc'!$I$5:$I$3004,"<>Bỏ qua")) | N13: =IF(A13="","",COUNTIFS('Giao việc'!$M$5:$M$3004,A13,'Giao việc'!$I$5:$I$3004,"Xong")) | O13: =IF(A13="","",COUNTIFS('Giao việc'!$M$5:$M$3004,A13,'Giao việc'!$L$5:$L$3004,"*QUÁ HẠN*")) | P13: =IF(A13="","",COUNTIFS('Giao việc'!$M$5:$M$3004,A13,'Giao việc'!$L$5:$L$3004,"CHƯA GIAO*")) | Q13: =IF(OR(A13="",N(M13)=0),"",N13/M13) | R13: =IF(Q13="","",REPT("█",ROUND(Q13*10,0))&REPT("░",10-ROUND(Q13*10,0))) | S13: =IF(C13="","Chưa có ngày",IF(C13>TODAY(),"Còn "&(C13-TODAY())&" ngày",IF(IF(D13="",C13,D13)>=TODAY(),"Đang diễn ra","Đã qua "&(TODAY()-IF(D13="",C13,D13))&" ngày"))) | T13: =IF(AND(A13<>"",L13="Có",ISNUMBER(C13)),IF(IF(D13="",C13,D13)>=TODAY()-35,C13+ROW()/100000,""),"")
M14: =IF(A14="","",COUNTIFS('Giao việc'!$M$5:$M$3004,A14,'Giao việc'!$I$5:$I$3004,"<>Bỏ qua")) | N14: =IF(A14="","",COUNTIFS('Giao việc'!$M$5:$M$3004,A14,'Giao việc'!$I$5:$I$3004,"Xong")) | O14: =IF(A14="","",COUNTIFS('Giao việc'!$M$5:$M$3004,A14,'Giao việc'!$L$5:$L$3004,"*QUÁ HẠN*")) | P14: =IF(A14="","",COUNTIFS('Giao việc'!$M$5:$M$3004,A14,'Giao việc'!$L$5:$L$3004,"CHƯA GIAO*")) | Q14: =IF(OR(A14="",N(M14)=0),"",N14/M14) | R14: =IF(Q14="","",REPT("█",ROUND(Q14*10,0))&REPT("░",10-ROUND(Q14*10,0))) | S14: =IF(C14="","Chưa có ngày",IF(C14>TODAY(),"Còn "&(C14-TODAY())&" ngày",IF(IF(D14="",C14,D14)>=TODAY(),"Đang diễn ra","Đã qua "&(TODAY()-IF(D14="",C14,D14))&" ngày"))) | T14: =IF(AND(A14<>"",L14="Có",ISNUMBER(C14)),IF(IF(D14="",C14,D14)>=TODAY()-35,C14+ROW()/100000,""),"")
M15: =IF(A15="","",COUNTIFS('Giao việc'!$M$5:$M$3004,A15,'Giao việc'!$I$5:$I$3004,"<>Bỏ qua")) | N15: =IF(A15="","",COUNTIFS('Giao việc'!$M$5:$M$3004,A15,'Giao việc'!$I$5:$I$3004,"Xong")) | O15: =IF(A15="","",COUNTIFS('Giao việc'!$M$5:$M$3004,A15,'Giao việc'!$L$5:$L$3004,"*QUÁ HẠN*")) | P15: =IF(A15="","",COUNTIFS('Giao việc'!$M$5:$M$3004,A15,'Giao việc'!$L$5:$L$3004,"CHƯA GIAO*")) | Q15: =IF(OR(A15="",N(M15)=0),"",N15/M15) | R15: =IF(Q15="","",REPT("█",ROUND(Q15*10,0))&REPT("░",10-ROUND(Q15*10,0))) | S15: =IF(C15="","Chưa có ngày",IF(C15>TODAY(),"Còn "&(C15-TODAY())&" ngày",IF(IF(D15="",C15,D15)>=TODAY(),"Đang diễn ra","Đã qua "&(TODAY()-IF(D15="",C15,D15))&" ngày"))) | T15: =IF(AND(A15<>"",L15="Có",ISNUMBER(C15)),IF(IF(D15="",C15,D15)>=TODAY()-35,C15+ROW()/100000,""),"")
M16: =IF(A16="","",COUNTIFS('Giao việc'!$M$5:$M$3004,A16,'Giao việc'!$I$5:$I$3004,"<>Bỏ qua")) | N16: =IF(A16="","",COUNTIFS('Giao việc'!$M$5:$M$3004,A16,'Giao việc'!$I$5:$I$3004,"Xong")) | O16: =IF(A16="","",COUNTIFS('Giao việc'!$M$5:$M$3004,A16,'Giao việc'!$L$5:$L$3004,"*QUÁ HẠN*")) | P16: =IF(A16="","",COUNTIFS('Giao việc'!$M$5:$M$3004,A16,'Giao việc'!$L$5:$L$3004,"CHƯA GIAO*")) | Q16: =IF(OR(A16="",N(M16)=0),"",N16/M16) | R16: =IF(Q16="","",REPT("█",ROUND(Q16*10,0))&REPT("░",10-ROUND(Q16*10,0))) | S16: =IF(C16="","Chưa có ngày",IF(C16>TODAY(),"Còn "&(C16-TODAY())&" ngày",IF(IF(D16="",C16,D16)>=TODAY(),"Đang diễn ra","Đã qua "&(TODAY()-IF(D16="",C16,D16))&" ngày"))) | T16: =IF(AND(A16<>"",L16="Có",ISNUMBER(C16)),IF(IF(D16="",C16,D16)>=TODAY()-35,C16+ROW()/100000,""),"")
M17: =IF(A17="","",COUNTIFS('Giao việc'!$M$5:$M$3004,A17,'Giao việc'!$I$5:$I$3004,"<>Bỏ qua")) | N17: =IF(A17="","",COUNTIFS('Giao việc'!$M$5:$M$3004,A17,'Giao việc'!$I$5:$I$3004,"Xong")) | O17: =IF(A17="","",COUNTIFS('Giao việc'!$M$5:$M$3004,A17,'Giao việc'!$L$5:$L$3004,"*QUÁ HẠN*")) | P17: =IF(A17="","",COUNTIFS('Giao việc'!$M$5:$M$3004,A17,'Giao việc'!$L$5:$L$3004,"CHƯA GIAO*")) | Q17: =IF(OR(A17="",N(M17)=0),"",N17/M17) | R17: =IF(Q17="","",REPT("█",ROUND(Q17*10,0))&REPT("░",10-ROUND(Q17*10,0))) | S17: =IF(C17="","Chưa có ngày",IF(C17>TODAY(),"Còn "&(C17-TODAY())&" ngày",IF(IF(D17="",C17,D17)>=TODAY(),"Đang diễn ra","Đã qua "&(TODAY()-IF(D17="",C17,D17))&" ngày"))) | T17: =IF(AND(A17<>"",L17="Có",ISNUMBER(C17)),IF(IF(D17="",C17,D17)>=TODAY()-35,C17+ROW()/100000,""),"")
M18: =IF(A18="","",COUNTIFS('Giao việc'!$M$5:$M$3004,A18,'Giao việc'!$I$5:$I$3004,"<>Bỏ qua")) | N18: =IF(A18="","",COUNTIFS('Giao việc'!$M$5:$M$3004,A18,'Giao việc'!$I$5:$I$3004,"Xong")) | O18: =IF(A18="","",COUNTIFS('Giao việc'!$M$5:$M$3004,A18,'Giao việc'!$L$5:$L$3004,"*QUÁ HẠN*")) | P18: =IF(A18="","",COUNTIFS('Giao việc'!$M$5:$M$3004,A18,'Giao việc'!$L$5:$L$3004,"CHƯA GIAO*")) | Q18: =IF(OR(A18="",N(M18)=0),"",N18/M18) | R18: =IF(Q18="","",REPT("█",ROUND(Q18*10,0))&REPT("░",10-ROUND(Q18*10,0))) | S18: =IF(C18="","Chưa có ngày",IF(C18>TODAY(),"Còn "&(C18-TODAY())&" ngày",IF(IF(D18="",C18,D18)>=TODAY(),"Đang diễn ra","Đã qua "&(TODAY()-IF(D18="",C18,D18))&" ngày"))) | T18: =IF(AND(A18<>"",L18="Có",ISNUMBER(C18)),IF(IF(D18="",C18,D18)>=TODAY()-35,C18+ROW()/100000,""),"")
M19: =IF(A19="","",COUNTIFS('Giao việc'!$M$5:$M$3004,A19,'Giao việc'!$I$5:$I$3004,"<>Bỏ qua")) | N19: =IF(A19="","",COUNTIFS('Giao việc'!$M$5:$M$3004,A19,'Giao việc'!$I$5:$I$3004,"Xong")) | O19: =IF(A19="","",COUNTIFS('Giao việc'!$M$5:$M$3004,A19,'Giao việc'!$L$5:$L$3004,"*QUÁ HẠN*")) | P19: =IF(A19="","",COUNTIFS('Giao việc'!$M$5:$M$3004,A19,'Giao việc'!$L$5:$L$3004,"CHƯA GIAO*")) | Q19: =IF(OR(A19="",N(M19)=0),"",N19/M19) | R19: =IF(Q19="","",REPT("█",ROUND(Q19*10,0))&REPT("░",10-ROUND(Q19*10,0))) | S19: =IF(C19="","Chưa có ngày",IF(C19>TODAY(),"Còn "&(C19-TODAY())&" ngày",IF(IF(D19="",C19,D19)>=TODAY(),"Đang diễn ra","Đã qua "&(TODAY()-IF(D19="",C19,D19))&" ngày"))) | T19: =IF(AND(A19<>"",L19="Có",ISNUMBER(C19)),IF(IF(D19="",C19,D19)>=TODAY()-35,C19+ROW()/100000,""),"")
M20: =IF(A20="","",COUNTIFS('Giao việc'!$M$5:$M$3004,A20,'Giao việc'!$I$5:$I$3004,"<>Bỏ qua")) | N20: =IF(A20="","",COUNTIFS('Giao việc'!$M$5:$M$3004,A20,'Giao việc'!$I$5:$I$3004,"Xong")) | O20: =IF(A20="","",COUNTIFS('Giao việc'!$M$5:$M$3004,A20,'Giao việc'!$L$5:$L$3004,"*QUÁ HẠN*")) | P20: =IF(A20="","",COUNTIFS('Giao việc'!$M$5:$M$3004,A20,'Giao việc'!$L$5:$L$3004,"CHƯA GIAO*")) | Q20: =IF(OR(A20="",N(M20)=0),"",N20/M20) | R20: =IF(Q20="","",REPT("█",ROUND(Q20*10,0))&REPT("░",10-ROUND(Q20*10,0))) | S20: =IF(C20="","Chưa có ngày",IF(C20>TODAY(),"Còn "&(C20-TODAY())&" ngày",IF(IF(D20="",C20,D20)>=TODAY(),"Đang diễn ra","Đã qua "&(TODAY()-IF(D20="",C20,D20))&" ngày"))) | T20: =IF(AND(A20<>"",L20="Có",ISNUMBER(C20)),IF(IF(D20="",C20,D20)>=TODAY()-35,C20+ROW()/100000,""),"")
M21: =IF(A21="","",COUNTIFS('Giao việc'!$M$5:$M$3004,A21,'Giao việc'!$I$5:$I$3004,"<>Bỏ qua")) | N21: =IF(A21="","",COUNTIFS('Giao việc'!$M$5:$M$3004,A21,'Giao việc'!$I$5:$I$3004,"Xong")) | O21: =IF(A21="","",COUNTIFS('Giao việc'!$M$5:$M$3004,A21,'Giao việc'!$L$5:$L$3004,"*QUÁ HẠN*")) | P21: =IF(A21="","",COUNTIFS('Giao việc'!$M$5:$M$3004,A21,'Giao việc'!$L$5:$L$3004,"CHƯA GIAO*")) | Q21: =IF(OR(A21="",N(M21)=0),"",N21/M21) | R21: =IF(Q21="","",REPT("█",ROUND(Q21*10,0))&REPT("░",10-ROUND(Q21*10,0))) | S21: =IF(C21="","Chưa có ngày",IF(C21>TODAY(),"Còn "&(C21-TODAY())&" ngày",IF(IF(D21="",C21,D21)>=TODAY(),"Đang diễn ra","Đã qua "&(TODAY()-IF(D21="",C21,D21))&" ngày"))) | T21: =IF(AND(A21<>"",L21="Có",ISNUMBER(C21)),IF(IF(D21="",C21,D21)>=TODAY()-35,C21+ROW()/100000,""),"")
... M304: =IF(A304="","",COUNTIFS('Giao việc'!$M$5:$M$3004,A304,'Giao việc'!$I$5:$I$3004,"<>Bỏ qua")) | N304: =IF(A304="","",COUNTIFS('Giao việc'!$M$5:$M$3004,A304,'Giao việc'!$I$5:$I$3004,"Xong")) | O304: =IF(A304="","",COUNTIFS('Giao việc'!$M$5:$M$3004,A304,'Giao việc'!$L$5:$L$3004,"*QUÁ HẠN*")) | P304: =IF(A304="","",COUNTIFS('Giao việc'!$M$5:$M$3004,A304,'Giao việc'!$L$5:$L$3004,"CHƯA GIAO*")) | Q304: =IF(OR(A304="",N(M304)=0),"",N304/M304) | R304: =IF(Q304="","",REPT("█",ROUND(Q304*10,0))&REPT("░",10-ROUND(Q304*10,0))) | S304: =IF(C304="","Chưa có ngày",IF(C304>TODAY(),"Còn "&(C304-TODAY())&" ngày",IF(IF(D304="",C304,D304)>=TODAY(),"Đang diễn ra","Đã qua "&(TODAY()-IF(D304="",C304,D304))&" ngày"))) | T304: =IF(AND(A304<>"",L304="Có",ISNUMBER(C304)),IF(IF(D304="",C304,D304)>=TODAY()-35,C304+ROW()/100000,""),"")

Sheet Mẫu việc
A1: MẪU VIỆC CHO 1 SỰ KIỆN
A2: Theo SOP MMHSOP_0XX. Sự kiện mới được tạo việc theo bảng này (sửa / thêm / xoá dòng tuỳ ý — chỉ áp cho sự kiện tạo SAU khi sửa). D − n = ngày lịch, D + n = ngày làm việc.
A4: Mã | B4: Hạng mục | C4: Việc | D4: Vai trò mặc định | E4: Phối hợp | F4: Số ngày so với D | G4: Tính theo | H4: Áp dụng cho
A5: K01 | B5: 1. Kế hoạch | C5: Lập kế hoạch tổng quan (KOL, số khách, mục đích, KPI bán hàng, khuyến mại, khảo sát) + xin Giám đốc duyệt ngân sách | D5: MKT Leader | E5: Sales, NPP | F5: -30 | G5: Lịch | H5: Tất cả
A6: K02 | B6: 1. Kế hoạch | C6: Chia việc với NPP, Trường / Viện (tuyển sinh, đồ thực hành, MC, số bàn trưng bày) | D6: MKT Leader | E6: NPP, Viện | F6: -30 | G6: Lịch | H6: Tất cả
A7: K03 | B7: 2. KOL & đối tác | C7: Chốt KOL: hợp đồng, lịch di chuyển, xem trước bài giảng, người chăm sóc KOL | D7: MKT Leader | E7: KOL | F7: -30 | G7: Lịch | H7: Tất cả
A8: K04 | B8: 3. Tuyển sinh | C8: Mở tuyển sinh: form đăng ký (khảo sát trước, đồng ý dữ liệu, nguồn đăng ký) + nhóm Zalo khách | D8: Digital MKT | E8: Sales, NPP | F8: -30 | G8: Lịch | H8: Tất cả
A9: K05 | B9: 3. Tuyển sinh | C9: Báo cáo số đăng ký theo nguồn cho team (thứ Hai hằng tuần, đến D-1) | D9: MKT Leader | E9: Sales, NPP | F9: -1 | G9: Lịch | H9: Tất cả
A10: K06 | B10: 3. Tuyển sinh | C10: Checkpoint D-14: đăng ký < 60% target ⇒ báo Giám đốc phương án | D10: MKT Leader | E10: Giám đốc | F10: -14 | G10: Lịch | H10: Tất cả
A11: K07 | B11: 3. Tuyển sinh | C11: Sales / NPP gửi đủ thông tin khách đăng ký hộ (Họ tên · SĐT · Nơi công tác) | D11: Sales | E11: NPP | F11: -5 | G11: Lịch | H11: Tất cả
A12: K08 | B12: 4. Truyền thông | C12: Đăng chuỗi bài truyền thông sự kiện | D12: Digital MKT | E12: Sales, NPP chia sẻ | F12: -14 | G12: Lịch | H12: Tất cả
A13: K09 | B13: 5. Địa điểm & hậu cần | C13: Đặt địa điểm (ngày, phòng, sức chứa, báo giá) | D13: Trade MKT | E13: Địa điểm | F13: -30 | G13: Lịch | H13: Trực tiếp
A14: K10 | B14: 5. Địa điểm & hậu cần | C14: Chốt setup với địa điểm: sơ đồ, tea break / ăn trưa, kỹ thuật, sự kiện khác cùng giờ | D14: Trade MKT | E14: Địa điểm | F14: -14 | G14: Lịch | H14: Trực tiếp
A15: K11 | B15: 5. Địa điểm & hậu cần | C15: Webinar: tạo phòng Zoom (đăng ký, ghi hình, báo cáo người tham dự) | D15: Digital MKT | E15: KOL | F15: -30 | G15: Lịch | H15: Webinar
A16: K12 | B16: 6. Nội dung | C16: Timeline chi tiết ngày D | D16: MKT Leader | E16: KOL, Viện | F16: -7 | G16: Lịch | H16: Tất cả
... A29: K25 | B29: 9. Ngày D | C29: Thu dọn, kiểm đếm, ghi POSM hỏng | D29: Trade MKT | E29: NPP | F29: 0 | G29: Lịch | H29: Trực tiếp
A30: K26 | B30: 10. Sau sự kiện | C30: Bài cảm ơn + ảnh recap; video recap (nếu có) | D30: Digital MKT | F30: 2 | G30: Làm việc | H30: Tất cả
A31: K27 | B31: 10. Sau sự kiện | C31: Scan biểu mẫu ký tay + upload ảnh / video lên folder sự kiện | D31: Trade MKT | E31: Digital MKT | F31: 2 | G31: Làm việc | H31: Trực tiếp
A32: K28 | B32: 10. Sau sự kiện | C32: Đối chiếu dữ liệu khách (loại trùng, đủ trường) ⇒ CUSTOMER LIST; tổng hợp khảo sát | D32: Digital MKT | E32: Sales, NPP | F32: 3 | G32: Làm việc | H32: Tất cả
A33: K29 | B33: 10. Sau sự kiện | C33: Sales + NPP gửi số liệu bán hàng tại sự kiện | D33: Sales | E33: NPP | F33: 3 | G33: Làm việc | H33: Tất cả
A34: K30 | B34: 10. Sau sự kiện | C34: Bàn giao danh sách khách cần follow-up cho Sales | D34: Digital MKT | E34: Sales | F34: 3 | G34: Làm việc | H34: Tất cả
A35: K31 | B35: 10. Sau sự kiện | C35: Báo cáo sự kiện + chứng từ KOL, hoá đơn địa điểm | D35: MKT Leader | E35: Trade MKT | F35: 5 | G35: Làm việc | H35: Tất cả
A36: K32 | B36: 10. Sau sự kiện | C36: Email báo cáo toàn MMH (4 file đính kèm) + hoàn tất lưu hồ sơ | D36: MKT Leader | F36: 7 | G36: Làm việc | H36: Tất cả
A37: K33 | B37: 11. Follow-up | C37: Sales liên hệ lần đầu khách cần follow-up | D37: Sales | E37: NPP | F37: 5 | G37: Làm việc | H37: Tất cả
A38: K34 | B38: 11. Follow-up | C38: Sales báo kết quả chuyển đổi đơn hàng | D38: Sales | E38: NPP | F38: 20 | G38: Làm việc | H38: Tất cả

Sheet Cài đặt
A1: CÀI ĐẶT
A2: Danh sách người (để chọn ở cột Người phụ trách) · người mặc định theo vai trò (dùng khi tạo việc cho sự kiện mới) · ngày nghỉ lễ.
A4: Vai trò | B4: Người mặc định | D4: Danh sách người | E4: Bộ phận | F4: Email (để nhắc việc sau này) | H4: Ngày nghỉ lễ (T2–T6)
A5: MKT Leader | B5: Leader MKT (ví dụ) | D5: Leader MKT (ví dụ) | E5: Marketing | H5: 46023
A6: Digital MKT | B6: Digital (ví dụ) | D6: Digital (ví dụ) | E6: Marketing | H6: 46069
A7: Trade MKT | B7: Trade (ví dụ) | D7: Trade (ví dụ) | E7: Marketing | H7: 46070
A8: Sales | B8: Sales Dental (ví dụ) | D8: Sales Dental (ví dụ) | E8: Sales | H8: 46071
A9: NPP / đối tác | B9: NPP (ví dụ) | D9: Sales Surgical (ví dụ) | E9: Sales | H9: 46072
A10: Giám đốc | B10: Giám đốc (ví dụ) | D10: NPP (ví dụ) | E10: Đối tác | H10: 46073
D11: Giám đốc (ví dụ) | E11: BGĐ | H11: 46139
H12: 46142
H13: 46143
H14: 46267
H15: 46268
H16: 46269
H17: 46388
H18: 46507
H19: 46632
H66: 2027: thêm Tết, Giỗ Tổ, nghỉ bù khi có lịch MMH.

Sheet Hướng dẫn
A1: CÁCH DÙNG
A2: File chung cho MỌI sự kiện của MMH — đi kèm SOP MMHSOP_0XX Quy trình tổ chức sự kiện.
B4: Sự kiện tự vào file | C4: Mỗi 10 phút hệ thống đọc PLAN_EVENT + REPORT_EVENT của file "2. Vietnam - Marketing Offline FY68" ⇒ tab Sự kiện. Sự kiện mới có ngày cụ thể ⇒ tự tạo bộ việc ở tab Giao việc theo tab Mẫu việc, giao sẵn cho người mặc định của từng vai trò (tab Cài đặt).
B5: Owner giao việc | C5: Tab Giao việc: chọn Người phụ trách (cột F, ô cam = chưa có người), đổi Hạn nếu cần (gõ ngày đè lên). Việc không cần ⇒ Trạng thái "Bỏ qua". Thêm việc riêng cho 1 sự kiện: sao chép NGUYÊN DÒNG một việc của sự kiện đó, dán vào dòng mới rồi sửa nội dung. Không theo dõi một sự kiện ⇒ tab Sự kiện ▸ Theo dõi = Không.
B6: Người phụ trách | C6: Lọc cột F theo tên mình ⇒ cập nhật Trạng thái, Ngày xong, Ghi chú / link ngay khi làm xong (trong ngày, trước 17:00).
B7: Đọc Dashboard | C7: Đỏ = quá hạn · vàng = đến hạn trong 3 ngày · cam = chưa giao người. Bảng 1: từng sự kiện · Bảng 2: từng người · Bảng 3: 15 việc cần xử lý gần nhất.
B8: Đổi ngày sự kiện | C8: Sửa ở file Offline ⇒ ngày D và mọi hạn tự tính lại (trừ hạn Owner đã gõ tay).
B9: Quy tắc thông tin | C9: ① File này là nơi DUY NHẤT ghi trạng thái; Zalo nhóm sự kiện chỉ để báo nhanh. ② Vướng mắc / nguy cơ trễ ⇒ ghi ở Ghi chú + báo Owner ngay, không đợi quá hạn. ③ Quá hạn ≥ 2 ngày làm việc hoặc ảnh hưởng ngày D ⇒ Owner báo Giám đốc trong ngày. ④ Thay đổi ngày / địa điểm / KOL / ngân sách ⇒ sửa file Offline + email mọi bên trong 24 giờ. ⑤ Không gửi danh sách khách qua Zalo / email cá nhân — chỉ gửi link Sheet.
B10: Ngày tính hạn | C10: D − n = ngày lịch; D + n = ngày làm việc T2–T6 trừ ngày nghỉ ở tab Cài đặt. Sự kiện nhiều ngày: D + n tính từ ngày kết thúc.
B11: Dữ liệu ví dụ | C11: Các sự kiện "(ví dụ)" (mã VD-…) và người "(ví dụ)" chỉ để xem trước — tự xoá ở lần đồng bộ đầu tiên; điền tên thật ở tab Cài đặt.
